Rk,Player,Nation,Pos,Squad,Age,Born,90s,Gls,Sh,SoT,SoT%,Sh/90,SoT/90,G/Sh,G/SoT,PK,PKatt,Matches
1,José Abella,mx MEX,DF,Atlas,29,1994,17,0,7,3,42.9,0.41,0.18,0,0,0,0,Matches
2,José Abella,mx MEX,"DF,MF",FC Juárez,29,1994,10.4,0,5,3,60,0.48,0.29,0,0,0,0,Matches
3,Diego Abitia,mx MEX,FW,Atlético San Luis,20,2003,0,0,0,0,,0,0,,,0,0,Matches
4,Carlos Acevedo,mx MEX,GK,Santos Laguna,27,1996,22.3,0,0,0,,0,0,,,0,0,Matches
5,Alonso Aceves,mx MEX,DF,Pachuca,22,2001,3.4,1,2,1,50,0.58,0.29,0.5,1,0,0,Matches
6,Sergio Adrián Flores,mx MEX,MF,Mazatlán,28,1995,20.1,0,5,2,40,0.25,0.1,0,0,0,0,Matches
7,Sergio Aguayo,us USA,FW,Pachuca,20,2002,2.8,0,6,2,33.3,2.17,0.72,0,0,0,0,Matches
8,Eduardo Águila,mx MEX,DF,Atlético San Luis,21,2002,2.2,0,2,0,0,0.89,0,0,,0,0,Matches
9,Daniel Aguilar,mx MEX,DF,Puebla,25,1998,2.6,0,6,3,50,2.27,1.13,0,0,0,0,Matches
10,Eduardo Aguirre,mx MEX,"FW,MF",Atlas,24,1998,17.8,7,47,15,31.9,2.65,0.84,0.13,0.4,1,1,Matches
11,Érick Aguirre,mx MEX,DF,Monterrey,26,1997,16.7,0,4,0,0,0.24,0,0,,0,0,Matches
12,Gaddi Aguirre,mx MEX,DF,Atlas,27,1996,16.2,0,13,1,7.7,0.8,0.06,0,0,0,0,Matches
13,Rodrigo Aguirre,uy URU,"FW,MF",Monterrey,28,1994,5.4,0,16,6,37.5,2.95,1.11,0,0,0,0,Matches
14,Jorge Agustín Rodríguez,ar ARG,MF,Monterrey,27,1995,12.6,0,7,1,14.3,0.56,0.08,0,0,0,0,Matches
15,Arnaud Ake,ci CIV,FW,Mazatlán,25,1998,5.9,6,13,8,61.5,2.2,1.35,0.46,0.75,0,0,Matches
16,Arnaud Ake,ci CIV,FW,Tijuana,25,1998,1.5,0,3,2,66.7,2,1.33,0,0,0,0,Matches
17,Jesús Alberto Angulo,mx MEX,DF,UANL,25,1998,28.7,2,18,5,27.8,0.63,0.17,0.11,0.4,0,0,Matches
18,Jesús Alcantar,mx MEX,DF,Necaxa,20,2003,1,0,0,0,,0,0,,,0,0,Matches
19,Adrián Aldrete,mx MEX,DF,UNAM,35,1988,19.3,0,6,2,33.3,0.31,0.1,0,0,0,0,Matches
20,Daniel Alexis Parra,mx MEX,DF,Monterrey,24,1999,1,0,4,1,25,4,1,0,0,0,0,Matches
21,Luis Alfonso Rodríguez,mx MEX,DF,Pachuca,32,1991,4.4,0,4,1,25,0.9,0.23,0,0,0,0,Matches
22,Luis Alfonso Rodríguez,mx MEX,DF,FC Juárez,32,1991,15.6,0,7,0,0,0.45,0,0,,0,0,Matches
23,Guillermo Allison,mx MEX,GK,Querétaro,32,1990,19.8,0,0,0,,0,0,,,0,0,Matches
24,Facundo Almada,ar ARG,DF,Mazatlán,25,1998,34,3,26,7,26.9,0.76,0.21,0.12,0.43,0,0,Matches
25,Román Almanza,mx MEX,FW,León,17,2006,0,0,0,0,,0,0,,,0,0,Matches
Rk,Player,Nation,Pos,Squad,Age,Born,90s,Gls,Sh,SoT,SoT%,Sh/90,SoT/90,G/Sh,G/SoT,PK,PKatt,Matches
26,Carlos Alonso Vargas,mx MEX,DF,Cruz Azul,24,1999,0.8,0,0,0,,0,0,,,0,0,Matches
27,Alfonso Alvarado,mx MEX,"FW,MF",León,23,2000,16.5,4,38,18,47.4,2.3,1.09,0.11,0.22,0,0,Matches
28,Roberto Alvarado,mx MEX,"FW,MF",Guadalajara,24,1998,29.4,11,65,27,41.5,2.21,0.92,0.09,0.22,5,5,Matches
29,Ventura Alvarado,us USA,DF,Mazatlán,30,1992,12.7,0,6,0,0,0.47,0,0,,0,0,Matches
30,Alek Álvarez,mx MEX,MF,Necaxa,20,2003,0.1,0,0,0,,0,0,,,0,0,Matches
31,Daniel Álvarez,mx MEX,"MF,FW",Puebla,29,1994,14.8,0,26,8,30.8,1.76,0.54,0,0,0,0,Matches
32,Efrain Alvarez,mx MEX,"MF,FW",Tijuana,21,2002,10.5,3,22,8,36.4,2.09,0.76,0.14,0.38,0,0,Matches
33,Jaime Alvarez,mx MEX,FW,Tijuana,20,2003,0,0,1,0,0,90,0,0,,0,0,Matches
34,Kevin Álvarez,mx MEX,DF,América,24,1999,21.7,1,18,5,27.8,0.83,0.23,0.06,0.2,0,0,Matches
35,Sergio Álvarez,mx MEX,FW,Atlas,18,2004,0.4,0,2,0,0,5.14,0,0,,0,0,Matches
36,Luis Amarilla,py PAR,FW,Mazatlán,27,1995,23.6,11,49,24,49,2.08,1.02,0.22,0.46,0,0,Matches
37,Fidel Ambríz,mx MEX,MF,León,20,2003,15.8,2,30,8,26.7,1.9,0.51,0.07,0.25,0,0,Matches
38,Bruno Amione,ar ARG,DF,Santos Laguna,21,2002,9.7,1,4,1,25,0.41,0.1,0.25,1,0,0,Matches
39,Esteban Andrada,ar ARG,GK,Monterrey,32,1991,32,0,0,0,,0,0,,,0,0,Matches
40,Alejandro Andrade,mx MEX,MF,Necaxa,21,2001,9.2,3,10,5,50,1.08,0.54,0.3,0.6,0,0,Matches
41,Luis Ángel Malagón,mx MEX,GK,América,26,1997,28.5,0,0,0,,0,0,,,0,0,Matches
42,Brayan Angulo,co COL,DF,Puebla,33,1989,31.4,2,27,9,33.3,0.86,0.29,0.07,0.22,0,0,Matches
43,Jesús Angulo,mx MEX,MF,León,26,1997,1.8,1,3,2,66.7,1.69,1.13,0.33,0.5,0,0,Matches
44,Jesús Angulo,mx MEX,"MF,FW",Toluca,26,1997,17.2,5,33,14,42.4,1.92,0.82,0.15,0.36,0,0,Matches
45,Francisco Antonio Figueroa,mx MEX,MF,Pachuca,24,1999,2.2,0,9,1,11.1,4.03,0.45,0,0,0,0,Matches
46,Francisco Antonio Figueroa,mx MEX,MF,Toluca,24,1999,0.1,0,0,0,,0,0,,,0,0,Matches
47,José Antonio Rodríguez,mx MEX,GK,Tijuana,31,1992,27.5,0,0,0,,0,0,,,0,0,Matches
48,Uriel Antuna,mx MEX,"MF,FW",Cruz Azul,25,1997,29.8,13,76,33,43.4,2.55,1.11,0.13,0.3,3,3,Matches
49,Javier Aquino,mx MEX,DF,UANL,33,1990,23.9,0,11,1,9.1,0.46,0.04,0,0,0,0,Matches
50,Pedro Aquino,pe PER,MF,Santos Laguna,28,1995,18.8,1,9,2,22.2,0.48,0.11,0.11,0.5,0,0,Matches
Rk,Player,Nation,Pos,Squad,Age,Born,90s,Gls,Sh,SoT,SoT%,Sh/90,SoT/90,G/Sh,G/SoT,PK,PKatt,Matches
51,Maximiliano Araújo,uy URU,"DF,MF",Toluca,23,2000,23.3,3,35,16,45.7,1.5,0.69,0.09,0.19,0,0,Matches
52,Néstor Araujo,mx MEX,DF,América,31,1991,5.9,0,2,0,0,0.34,0,0,,0,0,Matches
53,Fernando Arce Jr.,us USA,MF,Puebla,26,1996,0.7,0,0,0,,0,0,,,0,0,Matches
54,Fernando Arce Jr.,us USA,MF,Necaxa,26,1996,24.4,2,14,7,50,0.57,0.29,0.14,0.29,0,0,Matches
55,Ramiro Árciga,mx MEX,MF,Mazatlán,18,2004,4.1,0,8,5,62.5,1.94,1.21,0,0,0,0,Matches
56,Daniel Armando Ríos,mx MEX,FW,Guadalajara,28,1995,0.8,0,2,1,50,2.61,1.3,0,0,0,0,Matches
57,Eduardo Armenta,mx MEX,"MF,DF",Tijuana,21,2001,9.4,0,10,0,0,1.06,0,0,,0,0,Matches
58,Gerardo Arteaga,mx MEX,DF,Monterrey,24,1998,9.3,3,7,5,71.4,0.75,0.54,0.43,0.6,0,0,Matches
59,Víctor Arteaga,mx MEX,MF,Toluca,19,2004,0.8,0,2,0,0,2.57,0,0,,0,0,Matches
60,Ali Ávila,mx MEX,FW,UNAM,19,2003,1.2,2,3,2,66.7,2.52,1.68,0.67,1,0,0,Matches
61,Ali Ávila,mx MEX,FW,Monterrey,19,2003,3,0,2,1,50,0.67,0.34,0,0,0,0,Matches
62,Ettson Ayon,mx MEX,FW,Querétaro,22,2001,11.4,4,30,6,20,2.63,0.53,0.13,0.67,0,0,Matches
63,Claudio Baeza,cl CHI,MF,Toluca,29,1993,23.6,1,13,3,23.1,0.55,0.13,0.08,0.33,0,0,Matches
64,Kevin Balanta,co COL,DF,Tijuana,26,1997,29.5,0,11,1,9.1,0.37,0.03,0,0,0,0,Matches
65,Carlos Baltazar,mx MEX,"MF,FW",Puebla,26,1997,6.6,1,14,3,21.4,2.11,0.45,0.07,0.33,0,0,Matches
66,Víctor Barajas,mx MEX,FW,León,20,2003,0.4,0,1,0,0,2.65,0,0,,0,0,Matches
67,Miguel Barbieri,ar ARG,DF,Querétaro,29,1993,21.8,0,12,5,41.7,0.55,0.23,0,0,0,0,Matches
68,Diego Barbosa,mx MEX,DF,Tijuana,26,1996,24.4,0,20,3,15,0.82,0.12,0,0,0,0,Matches
69,Martín Barragán,mx MEX,"FW,MF",Puebla,32,1991,13.6,0,46,16,34.8,3.39,1.18,0,0,0,0,Matches
70,Jaine Barreiro,co COL,DF,León,29,1994,20.5,2,16,7,43.8,0.78,0.34,0.13,0.29,0,0,Matches
71,Pablo Barrera,mx MEX,"MF,FW",Querétaro,36,1987,30.7,7,39,15,38.5,1.27,0.49,0.08,0.2,4,4,Matches
72,Sergio Barreto,ar ARG,DF,Pachuca,24,1999,28.8,1,22,4,18.2,0.76,0.14,0.05,0.25,0,0,Matches
73,Abraham Bass,mx MEX,"MF,FW",Atlas,21,2001,4.4,0,6,1,16.7,1.36,0.23,0,0,0,0,Matches
74,Facundo Batista,uy URU,FW,Necaxa,24,1999,12.3,4,25,14,56,2.04,1.14,0.08,0.14,2,2,Matches
75,Facundo Batista,uy URU,FW,Querétaro,24,1999,12.5,2,17,8,47.1,1.36,0.64,0.12,0.25,0,0,Matches
Rk,Player,Nation,Pos,Squad,Age,Born,90s,Gls,Sh,SoT,SoT%,Sh/90,SoT/90,G/Sh,G/SoT,PK,PKatt,Matches
76,Alán Bautista,mx MEX,MF,Pachuca,21,2002,8.5,4,20,9,45,2.35,1.06,0.2,0.44,0,0,Matches
77,Eduard Bello,ve VEN,"MF,DF",Mazatlán,27,1995,11.4,3,18,10,55.6,1.58,0.88,0.17,0.3,0,1,Matches
78,Paul Bellón,mx MEX,DF,León,26,1997,14.8,1,7,4,57.1,0.47,0.27,0.14,0.25,0,0,Matches
79,Tomás Belmonte,ar ARG,MF,Toluca,25,1998,15.6,2,17,4,23.5,1.09,0.26,0.12,0.5,0,0,Matches
80,Fernando Beltrán,mx MEX,MF,Guadalajara,25,1998,31.2,4,36,13,36.1,1.15,0.42,0.11,0.31,0,0,Matches
81,Nicolás Benedetti,co COL,"MF,FW",Mazatlán,26,1997,5.9,2,15,5,33.3,2.54,0.85,0.07,0.2,1,1,Matches
82,Pablo Bennevendo Peña,mx MEX,DF,UNAM,23,2000,17,0,6,2,33.3,0.35,0.12,0,0,0,0,Matches
83,Jorge Berlanga,mx MEX,DF,Pachuca,20,2003,11.5,0,3,0,0,0.26,0,0,,0,0,Matches
84,Germán Berterame,mx MEX,"FW,MF",Monterrey,24,1998,19.8,9,51,22,43.1,2.58,1.11,0.18,0.41,0,0,Matches
85,Unai Bilbao,es ESP,DF,Atlético San Luis,29,1994,25,6,25,8,32,1,0.32,0.12,0.38,3,4,Matches
86,Alfonso Blanco Antúnez,mx MEX,GK,León,36,1987,2,0,0,0,,0,0,,,0,0,Matches
87,Domingo Blanco,ar ARG,MF,Tijuana,28,1995,21.4,2,16,3,18.8,0.75,0.14,0.13,0.67,0,0,Matches
88,Franck Boli,ci CIV,FW,Atlético San Luis,29,1993,7.7,4,28,10,35.7,3.64,1.3,0.11,0.3,1,1,Matches
89,Léo Bonatini,br BRA,FW,Atlético San Luis,29,1994,19.5,9,38,17,44.7,1.95,0.87,0.24,0.53,0,0,Matches
90,Juan Brigido,mx MEX,"MF,FW",Guadalajara,21,2001,3,1,3,3,100,1.02,1.02,0.33,0.33,0,0,Matches
91,Antonio Briseño,mx MEX,DF,Guadalajara,29,1994,18.3,3,14,6,42.9,0.76,0.33,0.21,0.5,0,0,Matches
92,Isaác Brizuela,mx MEX,"MF,FW",Guadalajara,32,1990,11.7,0,16,4,25,1.36,0.34,0,0,0,0,Matches
93,Juan Brunetta,ar ARG,MF,UANL,26,1997,13.5,7,52,16,30.8,3.85,1.19,0.12,0.38,1,1,Matches
94,Juan Brunetta,ar ARG,"MF,FW",Santos Laguna,26,1997,15.7,8,56,24,42.9,3.57,1.53,0.14,0.33,0,0,Matches
95,César Bustos,mx MEX,DF,Monterrey,17,2005,3.6,0,2,1,50,0.55,0.28,0,0,0,0,Matches
96,Gustavo Cabral,ar ARG,DF,Pachuca,37,1985,25.3,0,11,3,27.3,0.43,0.12,0,0,0,1,Matches
97,Sebastián Cáceres,uy URU,DF,América,23,1999,16.2,0,6,2,33.3,0.37,0.12,0,0,0,0,Matches
98,Jordy Caicedo,ec ECU,FW,Atlas,25,1997,17.9,5,52,23,44.2,2.91,1.29,0.1,0.22,0,1,Matches
99,José Caicedo,co COL,MF,UNAM,21,2002,21.2,1,13,1,7.7,0.61,0.05,0.08,1,0,0,Matches
100,Cristian Calderón,mx MEX,DF,Guadalajara,26,1997,11.2,0,7,0,0,0.63,0,0,,0,0,Matches
Rk,Player,Nation,Pos,Squad,Age,Born,90s,Gls,Sh,SoT,SoT%,Sh/90,SoT/90,G/Sh,G/SoT,PK,PKatt,Matches
101,Cristian Calderón,mx MEX,DF,América,26,1997,10.7,0,8,2,25,0.75,0.19,0,0,0,0,Matches
102,Francisco Calvo,cr CRC,DF,FC Juárez,31,1992,14,1,9,2,22.2,0.64,0.14,0.11,0.5,0,0,Matches
103,Raúl Camacho,mx MEX,FW,Mazatlán,21,2002,2.1,0,3,1,33.3,1.42,0.47,0,0,0,0,Matches
104,Diber Cambindo,co COL,FW,Necaxa,27,1996,11.7,8,43,14,32.6,3.66,1.19,0.19,0.57,0,1,Matches
105,Diber Cambindo,co COL,FW,Cruz Azul,27,1996,9.2,4,30,9,30,3.26,0.98,0.13,0.44,0,0,Matches
106,Diego Campillo,mx MEX,"MF,DF",FC Juárez,21,2001,10.4,2,14,6,42.9,1.34,0.58,0.14,0.33,0,0,Matches
107,Omar Campos,mx MEX,DF,Santos Laguna,21,2002,18.7,0,8,2,25,0.43,0.11,0,0,0,0,Matches
108,Sergio Canales,es ESP,"MF,FW",Monterrey,32,1991,16,10,47,18,38.3,2.94,1.13,0.17,0.44,2,2,Matches
109,Camilo Cándido,uy URU,"MF,DF",Cruz Azul,28,1995,7.1,1,7,2,28.6,0.98,0.28,0.14,0.5,0,0,Matches
110,Alexis Canelo,ar ARG,"MF,FW",Tijuana,31,1992,2.7,0,7,2,28.6,2.59,0.74,0,0,0,0,Matches
111,Juan Cantú,mx MEX,FW,América,19,2004,0.3,0,1,0,0,3.75,0,0,,0,0,Matches
112,Gabriel Carabajal,ar ARG,"MF,FW",Puebla,31,1991,5.5,0,18,3,16.7,3.27,0.55,0,0,0,0,Matches
113,Luis Cárdenas,mx MEX,GK,Monterrey,29,1993,2,0,0,0,,0,0,,,0,0,Matches
114,Rafael Carioca,br BRA,MF,UANL,34,1989,29.5,1,11,3,27.3,0.37,0.1,0.09,0.33,0,0,Matches
115,Jan Carmona,mx MEX,MF,FC Juárez,19,2004,0.5,0,0,0,,0,0,,,0,0,Matches
116,Jordan Carrillo,mx MEX,"MF,FW",Santos Laguna,21,2001,12.5,1,16,5,31.3,1.28,0.4,0.06,0.2,0,0,Matches
117,Stephano Carrillo,mx MEX,FW,Santos Laguna,17,2006,3.9,1,8,1,12.5,2.06,0.26,0.13,1,0,0,Matches
118,Kevin Castañeda,mx MEX,"MF,FW",Tijuana,23,1999,15.5,3,62,15,24.2,4,0.97,0.05,0.2,0,0,Matches
119,Kevin Castaño,co COL,MF,Cruz Azul,22,2000,8.5,0,10,3,30,1.18,0.35,0,0,0,0,Matches
120,Byron Castillo,ec ECU,"DF,MF",Pachuca,24,1998,7.3,0,7,1,14.3,0.96,0.14,0,0,0,0,Matches
121,José Castillo Pérez,mx MEX,DF,Pachuca,21,2001,8.3,0,7,2,28.6,0.84,0.24,0,0,0,0,Matches
122,José Castillo Pérez,mx MEX,DF,Guadalajara,21,2001,5.7,0,2,0,0,0.35,0,0,,0,0,Matches
123,Manuel Castro,uy URU,MF,FC Juárez,27,1995,7.1,2,16,6,37.5,2.24,0.84,0.13,0.33,0,0,Matches
124,Lucas Cavallini,ca CAN,FW,Puebla,30,1992,9.5,3,27,9,33.3,2.84,0.95,0.07,0.22,1,1,Matches
125,Lucas Cavallini,ca CAN,FW,Tijuana,30,1992,4.2,1,15,4,26.7,3.59,0.96,0.07,0.25,0,0,Matches
Rk,Player,Nation,Pos,Squad,Age,Born,90s,Gls,Sh,SoT,SoT%,Sh/90,SoT/90,G/Sh,G/SoT,PK,PKatt,Matches
126,Alan Cervantes,mx MEX,MF,Santos Laguna,25,1998,29.5,0,29,5,17.2,0.98,0.17,0,0,0,0,Matches
127,Luís Cervantes,mx MEX,DF,León,22,2001,6.5,1,2,1,50,0.31,0.15,0.5,1,0,0,Matches
128,Jhon Chancellor,ve VEN,DF,Necaxa,31,1992,4.3,0,0,0,,0,0,,,0,0,Matches
129,Diego Chávez,mx MEX,"MF,FW",FC Juárez,28,1995,12,1,18,2,11.1,1.51,0.17,0.06,0.5,0,0,Matches
130,Mateo Chávez,mx MEX,DF,Guadalajara,19,2004,8.3,0,3,0,0,0.36,0,0,,0,0,Matches
131,Ricardo Chávez Soto,mx MEX,DF,Atlético San Luis,28,1994,28,1,28,5,17.9,1,0.18,0.04,0.2,0,0,Matches
132,Ronaldo Cisneros,mx MEX,FW,Guadalajara,26,1997,4.7,2,16,5,31.3,3.38,1.06,0.13,0.4,0,0,Matches
133,Josué Colmán,py PAR,MF,Mazatlán,25,1998,18.2,3,54,16,29.6,2.97,0.88,0.06,0.19,0,1,Matches
134,Andrés Colorado,co COL,MF,Necaxa,24,1998,7,0,2,0,0,0.29,0,0,,0,0,Matches
135,Bryan Colula,mx MEX,DF,Mazatlán,27,1996,15.2,1,8,3,37.5,0.52,0.2,0.13,0.33,0,0,Matches
136,Ari Contreras,mx MEX,DF,Pachuca,17,2005,1.6,0,1,0,0,0.62,0,0,,0,0,Matches
137,Francisco Contreras,mx MEX,"DF,MF",Tijuana,24,1999,23.1,0,12,2,16.7,0.52,0.09,0,0,0,0,Matches
138,Nicolás Cordero,ar ARG,FW,Querétaro,24,1999,7.5,1,16,3,18.8,2.13,0.4,0.06,0.33,0,0,Matches
139,Jesús Corona,mx MEX,"MF,FW",Monterrey,30,1993,9.9,0,11,3,27.3,1.11,0.3,0,0,0,0,Matches
140,Joe Corona,us USA,MF,Tijuana,33,1990,3.7,1,3,1,33.3,0.82,0.27,0.33,1,0,0,Matches
141,José Corona,mx MEX,GK,Tijuana,42,1981,6.5,0,0,0,,0,0,,,0,0,Matches
142,Jair Cortés,mx MEX,"DF,MF",Necaxa,22,2000,10.1,0,12,1,8.3,1.19,0.1,0,0,0,0,Matches
143,Rogelio Cortéz Pineda,mx MEX,MF,Necaxa,19,2004,3.3,1,4,1,25,1.2,0.3,0.25,1,0,0,Matches
144,Jordi Cortizo,mx MEX,"MF,FW",Monterrey,27,1996,17.3,3,26,8,30.8,1.5,0.46,0.12,0.38,0,0,Matches
145,Rodolfo Cota,mx MEX,GK,León,36,1987,32,0,0,0,,0,0,,,0,0,Matches
146,Cade Cowell,us USA,"FW,MF",Guadalajara,19,2003,7.2,1,20,8,40,2.78,1.11,0.05,0.13,0,0,Matches
147,Aldo Cruz,mx MEX,DF,FC Juárez,25,1997,8.5,0,1,0,0,0.12,0,0,,0,0,Matches
148,Aldo Cruz,mx MEX,DF,Atlético San Luis,25,1997,6.5,1,2,1,50,0.31,0.15,0.5,1,0,0,Matches
149,Jürgen Damm,mx MEX,"MF,FW",Atlético San Luis,30,1992,5.1,0,9,2,22.2,1.78,0.39,0,0,0,0,Matches
150,Juan David Castro,mx MEX,"MF,DF",Atlético San Luis,31,1991,6.1,1,7,3,42.9,1.15,0.49,0.14,0.33,0,0,Matches
Rk,Player,Nation,Pos,Squad,Age,Born,90s,Gls,Sh,SoT,SoT%,Sh/90,SoT/90,G/Sh,G/SoT,PK,PKatt,Matches
151,José David Ramírez,mx MEX,"MF,DF",León,27,1995,15.2,0,8,4,50,0.53,0.26,0,0,0,0,Matches
152,Víctor Dávila,cl CHI,FW,León,25,1997,2.8,0,12,4,33.3,4.22,1.41,0,0,0,0,Matches
153,Diego De Buen,mx MEX,"MF,DF",Puebla,32,1991,33.7,6,41,15,36.6,1.22,0.45,0.15,0.4,0,0,Matches
154,Sergio De los Ríos Peztña,mx MEX,FW,América,20,2003,0.2,0,0,0,,0,0,,,0,0,Matches
155,Gustavo Del Prete,ar ARG,"MF,FW",Mazatlán,27,1996,12.4,3,32,13,40.6,2.57,1.05,0.09,0.23,0,0,Matches
156,Gustavo Del Prete,ar ARG,"MF,FW",UNAM,27,1996,8.2,2,16,5,31.3,1.95,0.61,0.13,0.4,0,0,Matches
157,Everardo Del Villar,mx MEX,DF,Toluca,18,2005,1.2,0,0,0,,0,0,,,0,0,Matches
158,Nelson Deossa,co COL,MF,Pachuca,23,2000,8.6,5,32,8,25,3.73,0.93,0.16,0.63,0,0,Matches
159,Lucas Di Yorio,ar ARG,FW,Pachuca,26,1996,11.3,2,42,17,40.5,3.7,1.5,0.05,0.12,0,0,Matches
160,Benny Díaz,mx MEX,GK,FC Juárez,24,1998,4,0,0,0,,0,0,,,0,0,Matches
161,Nicolás Díaz Huincales,cl CHI,DF,Tijuana,24,1999,27.2,0,14,7,50,0.51,0.26,0,0,0,0,Matches
162,Jair Díaz,mx MEX,DF,Mazatlán,24,1998,19.7,0,6,1,16.7,0.3,0.05,0,0,0,0,Matches
163,Josué Díaz,mx MEX,DF,Cruz Azul,18,2004,0.5,0,0,0,,0,0,,,0,0,Matches
164,Javairô Dilrosun,nl NED,"MF,FW",América,25,1998,6.8,1,8,4,50,1.17,0.59,0.13,0.25,0,0,Matches
165,Willer Ditta,co COL,DF,Cruz Azul,26,1997,27.3,2,15,4,26.7,0.55,0.15,0.13,0.5,0,0,Matches
166,Alexei Dominguez,mx MEX,"MF,FW",Pachuca,18,2005,8.9,0,11,1,9.1,1.24,0.11,0,0,0,0,Matches
167,Idekel Domínguez,mx MEX,DF,Atlas,23,2000,7.5,0,3,0,0,0.4,0,0,,0,0,Matches
168,Juan Domínguez,mx MEX,MF,Toluca,24,1998,23.9,8,42,20,47.6,1.75,0.84,0.19,0.4,0,0,Matches
169,Julio Domínguez,mx MEX,DF,Atlético San Luis,35,1987,31.2,2,9,3,33.3,0.29,0.1,0.22,0.67,0,0,Matches
170,Misael Domínguez,mx MEX,MF,Necaxa,23,1999,1.2,0,0,0,,0,0,,,0,0,Matches
171,Misael Domínguez,mx MEX,MF,Querétaro,23,1999,0.2,0,0,0,,0,0,,,0,0,Matches
172,Dória,br BRA,DF,Santos Laguna,28,1994,23.1,0,26,7,26.9,1.13,0.3,0,0,0,0,Matches
173,Jonathan dos Santos,mx MEX,MF,América,33,1990,26,0,9,3,33.3,0.35,0.12,0,0,0,0,Matches
174,Rodrigo Dourado,br BRA,MF,Atlético San Luis,29,1994,30.4,1,9,6,66.7,0.3,0.2,0.11,0.17,0,0,Matches
175,Jesús Dueñas,mx MEX,"DF,MF",Cruz Azul,34,1989,0.9,0,0,0,,0,0,,,0,0,Matches
Rk,Player,Nation,Pos,Squad,Age,Born,90s,Gls,Sh,SoT,SoT%,Sh/90,SoT/90,G/Sh,G/SoT,PK,PKatt,Matches
176,Emmanuel Echeverría,mx MEX,"DF,MF",Santos Laguna,19,2003,9.3,1,4,1,25,0.43,0.11,0.25,1,0,0,Matches
177,Edson,br BRA,"DF,MF",FC Juárez,25,1998,8.7,2,3,2,66.7,0.34,0.23,0.67,1,0,0,Matches
178,Javier Eduardo López,mx MEX,MF,Pachuca,28,1994,5.2,1,17,5,29.4,3.26,0.96,0.06,0.2,0,0,Matches
179,Francisco Eduardo Venegas,mx MEX,DF,Querétaro,25,1998,10.3,0,7,1,14.3,0.68,0.1,0,0,0,0,Matches
180,Francisco Eduardo Venegas,mx MEX,DF,Mazatlán,25,1998,4.5,2,8,5,62.5,1.8,1.12,0.25,0.4,0,0,Matches
181,Luis Enrique Quiñones,co COL,MF,UANL,32,1991,18.8,3,25,9,36,1.33,0.48,0.12,0.33,0,0,Matches
182,Robert Ergas,uy URU,"MF,DF",UNAM,25,1998,8.2,0,7,2,28.6,0.86,0.24,0,0,0,0,Matches
183,Carlos Ernesto Cisneros,mx MEX,"FW,MF",Guadalajara,29,1993,0.6,0,2,2,100,3.6,3.6,0,0,0,0,Matches
184,Kevin Escamilla,mx MEX,MF,Querétaro,29,1994,29.6,2,29,7,24.1,0.98,0.24,0.07,0.29,0,0,Matches
185,Juan Escobar,py PAR,DF,Toluca,28,1995,10,0,7,1,14.3,0.7,0.1,0,0,0,0,Matches
186,Juan Escobar,py PAR,DF,Cruz Azul,28,1995,13.6,0,6,3,50,0.44,0.22,0,0,0,0,Matches
187,Alonso Escoboza,mx MEX,"DF,MF",Cruz Azul,30,1993,0.9,0,1,0,0,1.15,0,0,,0,0,Matches
188,Alonso Escoboza,mx MEX,MF,Mazatlán,30,1993,4.1,0,6,2,33.3,1.46,0.49,0,0,0,0,Matches
189,Amaury Escoto,mx MEX,FW,FC Juárez,30,1992,6,2,14,5,35.7,2.33,0.83,0.14,0.4,0,0,Matches
190,Luis Espinoza,mx MEX,FW,Santos Laguna,19,2004,1.2,0,1,0,0,0.86,0,0,,0,0,Matches
191,Ángel Estrada,mx MEX,MF,Pachuca,20,2003,0,0,0,0,,0,0,,,0,0,Matches
192,José Eulogio,mx MEX,GK,Pachuca,19,2004,2,0,0,0,,0,0,,,0,0,Matches
193,Franco Fagúndez,uy URU,"MF,FW",Santos Laguna,23,2000,5.6,1,15,4,26.7,2.66,0.71,0.07,0.25,0,0,Matches
194,Lorenzo Faravelli,ar ARG,MF,Cruz Azul,30,1993,15.4,1,19,6,31.6,1.24,0.39,0.05,0.17,0,0,Matches
195,Carlos Felipe Rodríguez,mx MEX,GK,UANL,34,1989,10,0,0,0,,0,0,,,0,0,Matches
196,Omar Fernández Frasica,co COL,MF,León,30,1993,4,1,4,4,100,1.01,1.01,0.25,0.25,0,0,Matches
197,Gabriel Fernández,uy URU,FW,UNAM,29,1994,12.7,5,40,12,30,3.14,0.94,0.13,0.42,0,0,Matches
198,Gabriel Fernández,uy URU,"FW,MF",Cruz Azul,29,1994,4.3,2,15,7,46.7,3.46,1.62,0.13,0.29,0,0,Matches
199,Rafael Fernández,mx MEX,DF,Tijuana,22,2000,13.7,0,14,2,14.3,1.03,0.15,0,0,0,0,Matches
200,Luis Fernando Fuentes,mx MEX,DF,América,36,1986,14.5,0,8,0,0,0.55,0,0,,0,0,Matches
Rk,Player,Nation,Pos,Squad,Age,Born,90s,Gls,Sh,SoT,SoT%,Sh/90,SoT/90,G/Sh,G/SoT,PK,PKatt,Matches
201,Gustavo Ferrareis,br BRA,DF,Puebla,27,1996,29.3,1,30,6,20,1.02,0.2,0.03,0.17,0,0,Matches
202,Álvaro Fidalgo,mx MEX,MF,América,26,1997,26.1,2,22,8,36.4,0.84,0.31,0.09,0.25,0,0,Matches
203,Sebastián Fierro,mx MEX,MF,UANL,21,2001,4.1,0,2,0,0,0.48,0,0,,0,0,Matches
204,Abraham Flores,mx MEX,DF,Tijuana,21,2002,0.3,0,0,0,,0,0,,,0,0,Matches
205,Marcelo Flores,ca CAN,MF,UANL,19,2003,8.6,6,30,12,40,3.5,1.4,0.2,0.5,0,0,Matches
206,Fabricio Formiliano,uy URU,DF,Necaxa,30,1993,2.8,0,1,0,0,0.36,0,0,,0,0,Matches
207,Alexis Francisco Peña,mx MEX,DF,Necaxa,27,1996,34,2,13,3,23.1,0.38,0.09,0.15,0.67,0,0,Matches
208,Ramiro Franco,mx MEX,DF,Mazatlán,19,2003,0.1,0,0,0,,0,0,,,0,0,Matches
209,Adonis Frías,ar ARG,DF,León,25,1998,30.2,0,38,7,18.4,1.26,0.23,0,0,0,0,Matches
210,Raymundo Fulgencio,mx MEX,MF,UANL,23,2000,5.4,2,13,5,38.5,2.41,0.93,0.15,0.4,0,0,Matches
211,Raymundo Fulgencio,mx MEX,MF,Atlas,23,2000,12.1,0,18,4,22.2,1.48,0.33,0,0,0,0,Matches
212,Rogelio Funes Mori,mx MEX,FW,UNAM,32,1991,4.9,1,11,3,27.3,2.27,0.62,0.09,0.33,0,0,Matches
213,Rogelio Funes Mori,mx MEX,FW,Monterrey,32,1991,11.4,6,26,12,46.2,2.28,1.05,0.23,0.5,0,1,Matches
214,Julio Furch,ar ARG,FW,Atlas,34,1989,2,0,7,2,28.6,3.56,1.02,0,0,0,0,Matches
215,Benjamín Galdames,mx MEX,"MF,FW",Atlético San Luis,22,2001,6.3,3,12,4,33.3,1.92,0.64,0.25,0.75,0,0,Matches
216,Carlos Galicia,mx MEX,MF,Tijuana,19,2004,0.2,0,0,0,,0,0,,,0,0,Matches
217,José Galindo,mx MEX,DF,UNAM,25,1998,2,0,0,0,,0,0,,,0,0,Matches
218,Jesús Gallardo,mx MEX,"DF,MF",Monterrey,28,1994,20,3,23,7,30.4,1.15,0.35,0.13,0.43,0,0,Matches
219,Bryan Gamboa,mx MEX,FW,Cruz Azul,21,2002,0.6,0,1,0,0,1.64,0,0,,0,0,Matches
220,Juan Gamboa,mx MEX,MF,Toluca,22,2001,1.7,0,3,0,0,1.76,0,0,,0,0,Matches
221,Aitor García,es ESP,"MF,FW",FC Juárez,29,1994,26.1,8,89,30,33.7,3.4,1.15,0.09,0.27,0,0,Matches
222,Brian García,mx MEX,DF,Toluca,25,1997,29.5,3,34,13,38.2,1.15,0.44,0.09,0.23,0,0,Matches
223,Denzell García,mx MEX,MF,FC Juárez,19,2003,17.5,1,25,6,24,1.43,0.34,0.04,0.17,0,0,Matches
224,Emiliano García,mx MEX,FW,Puebla,19,2003,0.1,0,0,0,,0,0,,,0,0,Matches
225,Gael García,mx MEX,FW,Guadalajara,15,2008,0.2,0,1,0,0,4.74,0,0,,0,0,Matches
Rk,Player,Nation,Pos,Squad,Age,Born,90s,Gls,Sh,SoT,SoT%,Sh/90,SoT/90,G/Sh,G/SoT,PK,PKatt,Matches
226,José García,mx MEX,DF,FC Juárez,27,1996,17.9,1,11,4,36.4,0.61,0.22,0.09,0.25,0,0,Matches
227,Alberto García Jr.,mx MEX,FW,Querétaro,29,1993,0.2,0,3,1,33.3,13.5,4.5,0,0,0,0,Matches
228,Luis García,mx MEX,"MF,DF",Puebla,30,1993,9.7,1,17,3,17.6,1.75,0.31,0.06,0.33,0,0,Matches
229,Marco García,mx MEX,MF,Querétaro,23,2000,3.2,0,6,1,16.7,1.85,0.31,0,0,0,0,Matches
230,Mateo García,ar ARG,"MF,FW",Atlas,26,1996,16.4,1,16,8,50,0.97,0.49,0.06,0.13,0,0,Matches
231,Uziel García,mx MEX,DF,Atlético San Luis,22,2001,2.1,0,3,1,33.3,1.43,0.48,0,0,0,0,Matches
232,Bryan Garnica,mx MEX,MF,Necaxa,27,1996,30.8,2,27,9,33.3,0.88,0.29,0.07,0.22,0,0,Matches
233,César Garza,mx MEX,MF,Monterrey,18,2005,2.8,1,6,2,33.3,2.13,0.71,0.17,0.5,0,0,Matches
234,Jesús Garza,mx MEX,DF,UANL,23,2000,11.1,0,5,0,0,0.45,0,0,,0,0,Matches
235,André-Pierre Gignac,fr FRA,FW,UANL,37,1985,19.6,14,64,28,43.8,3.27,1.43,0.17,0.39,3,3,Matches
236,Rodrigo Godínez,mx MEX,DF,Tijuana,30,1992,2.5,0,0,0,,0,0,,,0,0,Matches
237,Alejandro Gómez,mx MEX,DF,Tijuana,21,2002,6.6,0,6,1,16.7,0.91,0.15,0,0,0,0,Matches
238,Diego Gómez,mx MEX,"MF,FW",Necaxa,19,2003,15.9,2,14,5,35.7,0.88,0.31,0.14,0.4,0,0,Matches
239,Luis Gómez,mx MEX,MF,Santos Laguna,16,2007,0.1,0,0,0,,0,0,,,0,0,Matches
240,Jaime Gómez Valencia,mx MEX,"MF,DF",Querétaro,30,1993,17.6,0,9,2,22.2,0.51,0.11,0,0,0,0,Matches
241,Alfonso González,mx MEX,"MF,FW",Monterrey,28,1994,9.8,3,21,8,38.1,2.15,0.82,0.14,0.38,0,0,Matches
242,Armando González,mx MEX,FW,Guadalajara,20,2003,0.4,0,1,0,0,2.73,0,0,,0,0,Matches
243,Cristian González Bautista,mx MEX,"DF,MF",Necaxa,25,1998,4.4,0,6,0,0,1.36,0,0,,0,0,Matches
244,Bryan González,mx MEX,"DF,MF",Pachuca,20,2003,12.7,4,18,9,50,1.42,0.71,0.22,0.44,0,0,Matches
245,Pablo González Díaz,mx MEX,MF,Puebla,31,1992,26.6,2,17,4,23.5,0.64,0.15,0.12,0.5,0,0,Matches
246,Hugo González Durán,mx MEX,GK,Mazatlán,32,1990,28.3,0,0,0,,0,0,,,0,0,Matches
247,Carlos González Espínola,py PAR,FW,Tijuana,30,1993,29.9,13,90,35,38.9,3.01,1.17,0.13,0.34,1,1,Matches
248,Fernando González,mx MEX,MF,UANL,22,2001,0.4,0,2,0,0,4.5,0,0,,0,0,Matches
249,Jair González,mx MEX,MF,Santos Laguna,21,2002,5.2,0,5,1,20,0.96,0.19,0,0,0,0,Matches
250,Jonathan González,mx MEX,MF,Monterrey,24,1999,6.6,0,0,0,,0,0,,,0,0,Matches
Rk,Player,Nation,Pos,Squad,Age,Born,90s,Gls,Sh,SoT,SoT%,Sh/90,SoT/90,G/Sh,G/SoT,PK,PKatt,Matches
251,José González,mx MEX,FW,Atlético San Luis,24,1998,1.9,0,3,0,0,1.56,0,0,,0,0,Matches
252,Marco González,mx MEX,MF,Querétaro,21,2002,0,0,0,0,,0,0,,,0,0,Matches
253,Owen González,mx MEX,MF,Pachuca,20,2003,2.4,1,3,1,33.3,1.25,0.42,0.33,1,0,0,Matches
254,Samuel González,mx MEX,FW,Puebla,20,2003,0.1,0,0,0,,0,0,,,0,0,Matches
255,Fernando Gorriarán,uy URU,MF,UANL,28,1994,25.8,1,40,8,20,1.55,0.31,0.03,0.13,0,0,Matches
256,Ismael Govea,mx MEX,DF,Santos Laguna,26,1997,19.1,0,9,3,33.3,0.47,0.16,0,0,0,0,Matches
257,Omar Govea,mx MEX,MF,Monterrey,27,1996,18,0,10,2,20,0.56,0.11,0,0,0,0,Matches
258,Andrés Guardado,mx MEX,MF,León,36,1986,5.3,0,0,0,,0,0,,,0,0,Matches
259,Andrés Gudiño,mx MEX,GK,Cruz Azul,26,1997,13.5,0,1,1,100,0.07,0.07,0,0,0,0,Matches
260,Raúl Gudiño,mx MEX,GK,Necaxa,27,1996,9.5,0,0,0,,0,0,,,0,0,Matches
261,Javier Güemez,mx MEX,MF,Atlético San Luis,31,1991,31.2,3,35,9,25.7,1.12,0.29,0.09,0.33,0,0,Matches
262,Edgar Guerra,co COL,"MF,DF",León,22,2001,9.2,1,17,7,41.2,1.85,0.76,0.06,0.14,0,0,Matches
263,Rafael Guerrero,mx MEX,DF,Cruz Azul,20,2003,5.4,0,3,0,0,0.56,0,0,,0,0,Matches
264,Emanuel Gularte,uy URU,DF,Querétaro,25,1997,32.1,2,29,8,27.6,0.9,0.25,0.07,0.25,0,0,Matches
265,Alexis Gutiérrez,mx MEX,MF,Cruz Azul,23,2000,11.8,0,17,2,11.8,1.44,0.17,0,0,0,0,Matches
266,Alfredo Gutierrez,mx MEX,DF,Necaxa,20,2003,0.9,0,0,0,,0,0,,,0,0,Matches
267,Carlos Gutiérrez,mx MEX,MF,UNAM,24,1999,3.1,0,1,0,0,0.33,0,0,,0,0,Matches
268,Edson Gutiérrez,mx MEX,DF,Monterrey,27,1996,4.6,0,0,0,,0,0,,,0,0,Matches
269,Erick Gutiérrez,mx MEX,MF,Guadalajara,28,1995,21.9,3,31,8,25.8,1.42,0.37,0.1,0.38,0,0,Matches
270,Ricardo Gutiérrez,mx MEX,GK,Mazatlán,26,1997,5.7,0,0,0,,0,0,,,0,0,Matches
271,Jorge Guzmán,mx MEX,FW,Atlas,19,2003,8.1,0,4,3,75,0.5,0.37,0,0,0,0,Matches
272,Nahuel Guzmán,ar ARG,GK,UANL,37,1986,24,0,0,0,,0,0,,,0,0,Matches
273,Víctor Guzmán,mx MEX,DF,Monterrey,21,2002,25.9,0,9,2,22.2,0.35,0.08,0,0,0,0,Matches
274,Víctor Guzmán,mx MEX,MF,Guadalajara,28,1995,18.5,6,38,15,39.5,2.06,0.81,0.08,0.2,3,4,Matches
275,Arelibetsiel Hernández,mx MEX,DF,Tijuana,28,1994,0.1,0,1,0,0,9,0,0,,0,0,Matches
Rk,Player,Nation,Pos,Squad,Age,Born,90s,Gls,Sh,SoT,SoT%,Sh/90,SoT/90,G/Sh,G/SoT,PK,PKatt,Matches
276,Elías Hernández,mx MEX,"MF,FW",León,35,1988,14.5,0,24,6,25,1.66,0.41,0,0,0,0,Matches
277,Illian Hernandez,mx MEX,FW,América,23,2000,3.4,0,5,3,60,1.45,0.87,0,0,0,0,Matches
278,Illian Hernandez,mx MEX,FW,Pachuca,23,2000,4.5,2,18,10,55.6,3.98,2.21,0.11,0.2,0,1,Matches
279,Javier Hernández,mx MEX,FW,Guadalajara,35,1988,2.5,1,6,3,50,2.36,1.18,0.17,0.33,0,0,Matches
280,Jesús Hernández,mx MEX,"MF,FW",Pachuca,21,2001,8.9,2,21,8,38.1,2.37,0.9,0.1,0.25,0,0,Matches
281,Marco Hernández,mx MEX,MF,UNAM,18,2005,0.3,0,0,0,,0,0,,,0,0,Matches
282,Alberto Herrera,mx MEX,"MF,DF",Puebla,22,2001,8.2,2,16,4,25,1.94,0.49,0.13,0.5,0,0,Matches
283,Ozziel Herrera,mx MEX,"MF,FW",UANL,22,2001,9.8,6,21,10,47.6,2.15,1.02,0.29,0.6,0,0,Matches
284,Marino Hinestroza,co COL,"MF,FW",Pachuca,21,2002,7.7,1,19,5,26.3,2.47,0.65,0.05,0.2,0,0,Matches
285,Héctor Holguín,mx MEX,GK,Santos Laguna,22,2001,2.7,0,0,0,,0,0,,,0,0,Matches
286,César Huerta,mx MEX,MF,UNAM,22,2000,27.3,9,70,29,41.4,2.56,1.06,0.09,0.21,3,3,Matches
287,Valber Huerta,cl CHI,DF,Toluca,29,1993,22.3,0,18,2,11.1,0.81,0.09,0,0,0,0,Matches
288,Rodrigo Huescas,mx MEX,"MF,DF",Cruz Azul,19,2003,22.1,2,22,4,18.2,1,0.18,0.09,0.5,0,0,Matches
289,Avilés Hurtado,co COL,"FW,MF",FC Juárez,36,1987,19.2,8,38,17,44.7,1.98,0.89,0.11,0.24,4,4,Matches
290,Nicolás Ibáñez,ar ARG,FW,UANL,28,1994,16.2,11,53,27,50.9,3.28,1.67,0.17,0.33,2,3,Matches
291,Oussama Idrissi,ma MAR,MF,Pachuca,27,1996,16.6,5,29,11,37.9,1.74,0.66,0.17,0.45,0,0,Matches
292,Juan Ignacio Dinenno,ar ARG,FW,UNAM,28,1994,8.8,6,38,17,44.7,4.3,1.92,0.05,0.12,4,4,Matches
293,Andrés Iniestra,mx MEX,MF,Atlético San Luis,27,1996,0.3,0,0,0,,0,0,,,0,0,Matches
294,Jefferson Intriago,ec ECU,MF,Mazatlán,27,1996,26.4,1,19,5,26.3,0.72,0.19,0.05,0.2,0,0,Matches
295,Hugo Isaác Rodríguez,mx MEX,DF,Santos Laguna,33,1990,6.3,0,4,1,25,0.63,0.16,0,0,0,0,Matches
296,Mauricio Isais,mx MEX,"DF,MF",Toluca,22,2001,7.1,0,3,1,33.3,0.42,0.14,0,0,0,0,Matches
297,Omar Israel Mendoza,mx MEX,"DF,MF",Querétaro,34,1988,22,0,7,2,28.6,0.32,0.09,0,0,0,0,Matches
298,Luis Iturbide,mx MEX,DF,Cruz Azul,21,2002,0.5,0,2,2,100,4,4,0,0,0,0,Matches
299,José Iván Rodríguez,mx MEX,MF,León,27,1996,15.2,0,11,0,0,0.72,0,0,,0,0,Matches
300,Cristian Jiménez,mx MEX,DF,Cruz Azul,21,2002,1,0,0,0,,0,0,,,0,0,Matches
Rk,Player,Nation,Pos,Squad,Age,Born,90s,Gls,Sh,SoT,SoT%,Sh/90,SoT/90,G/Sh,G/SoT,PK,PKatt,Matches
301,Oscar Jiménez,mx MEX,GK,América,34,1988,5.5,0,0,0,,0,0,,,0,0,Matches
302,Miguel Jiménez Ponce,mx MEX,GK,Guadalajara,33,1990,15.8,0,0,0,,0,0,,,0,0,Matches
303,Tahiel Jiménez,mx MEX,FW,Santos Laguna,17,2006,0.2,0,0,0,,0,0,,,0,0,Matches
304,José Joaquín Esquivel,mx MEX,"MF,DF",Mazatlán,25,1998,9.9,1,6,2,33.3,0.6,0.2,0.17,0.5,0,0,Matches
305,José Joaquín Esquivel,mx MEX,MF,Necaxa,25,1998,3,0,0,0,,0,0,,,0,0,Matches
306,Ángel Jordán Acosta,mx MEX,FW,Monterrey,18,2005,0.5,0,0,0,,0,0,,,0,0,Matches
307,Julio José González,mx MEX,GK,UNAM,32,1991,34,0,0,0,,0,0,,,0,0,Matches
308,Juan José Sánchez,mx MEX,DF,UANL,25,1998,7.1,0,1,0,0,0.14,0,0,,0,0,Matches
309,Joao Joshimar Rojas,ec ECU,MF,Monterrey,25,1997,4.4,2,15,5,33.3,3.44,1.15,0.13,0.4,0,0,Matches
310,José Juan Macías,mx MEX,FW,Guadalajara,23,1999,3.2,0,13,2,15.4,4.08,0.63,0,0,0,0,Matches
311,Ramón Juárez,mx MEX,DF,América,22,2001,16.3,0,11,1,9.1,0.67,0.06,0,0,0,0,Matches
312,Heriberto Jurado,mx MEX,MF,Necaxa,18,2005,13.1,1,18,5,27.8,1.37,0.38,0.06,0.2,0,0,Matches
313,Sebastián Jurado,mx MEX,GK,FC Juárez,25,1997,13,0,0,0,,0,0,,,0,0,Matches
314,Sebastián Jurado,mx MEX,GK,Cruz Azul,25,1997,3.4,0,0,0,,0,0,,,0,0,Matches
315,Mateo Klimowicz,de GER,"MF,FW",Atlético San Luis,23,2000,14.3,3,37,18,48.6,2.59,1.26,0.08,0.17,0,0,Matches
316,Roberto de la Rosa,mx MEX,"FW,MF",Pachuca,23,2000,12.1,1,48,13,27.1,3.98,1.08,0.02,0.08,0,0,Matches
317,Diego Lainez,mx MEX,"MF,DF",UANL,23,2000,18.3,3,23,5,21.7,1.25,0.27,0.13,0.6,0,0,Matches
318,Mauro Laínez,mx MEX,MF,Querétaro,27,1996,2.2,0,2,1,50,0.9,0.45,0,0,0,0,Matches
319,Mauro Laínez,mx MEX,MF,América,27,1996,0.3,0,0,0,,0,0,,,0,0,Matches
320,Gibran Lajud,mx MEX,GK,Santos Laguna,29,1993,9,0,0,0,,0,0,,,0,0,Matches
321,Emilio Lara,mx MEX,DF,América,21,2002,4.6,0,1,0,0,0.22,0,0,,0,0,Matches
322,Israel Larios,mx MEX,FW,Atlas,20,2003,1.6,0,4,0,0,2.54,0,0,,0,0,Matches
323,Miguel Layún,mx MEX,"DF,MF",América,35,1988,5.8,0,7,3,42.9,1.2,0.52,0,0,0,0,Matches
324,Antonio Leone,mx MEX,DF,Monterrey,19,2004,1,0,0,0,,0,0,,,0,0,Matches
325,Federico Lértora,ar ARG,MF,Querétaro,33,1990,31,3,43,13,30.2,1.39,0.42,0.07,0.23,0,0,Matches
Rk,Player,Nation,Pos,Squad,Age,Born,90s,Gls,Sh,SoT,SoT%,Sh/90,SoT/90,G/Sh,G/SoT,PK,PKatt,Matches
326,Mateo Levy,mx MEX,FW,Cruz Azul,16,2006,1.3,0,6,2,33.3,4.54,1.51,0,0,0,0,Matches
327,Igor Lichnovsky,cl CHI,DF,América,29,1994,19.6,2,15,6,40,0.76,0.31,0.13,0.33,0,0,Matches
328,Erik Lira,mx MEX,"MF,DF",Cruz Azul,23,2000,24.6,0,4,0,0,0.16,0,0,,0,0,Matches
329,Aldo López,mx MEX,MF,Santos Laguna,23,2000,16.2,1,12,4,33.3,0.74,0.25,0.08,0.25,0,0,Matches
330,César López,mx MEX,DF,Necaxa,21,2002,0.3,1,2,1,50,7.83,3.91,0.5,1,0,0,Matches
331,Edgar López,mx MEX,"FW,MF",Toluca,24,1999,19.1,5,32,12,37.5,1.67,0.63,0.16,0.42,0,0,Matches
332,Raúl López Gómez,mx MEX,DF,Santos Laguna,30,1993,12,0,6,2,33.3,0.5,0.17,0,0,0,0,Matches
333,Nicolás López,uy URU,"FW,MF",UANL,29,1993,0.8,0,3,0,0,3.91,0,0,,0,0,Matches
334,Nicolás López,uy URU,FW,León,29,1993,14.6,5,69,25,36.2,4.74,1.72,0.07,0.2,0,0,Matches
335,René López,mx MEX,DF,Pachuca,21,2002,6.1,0,3,1,33.3,0.49,0.16,0,0,0,0,Matches
336,Rodrigo López,mx MEX,MF,Querétaro,21,2001,1.6,0,2,1,50,1.22,0.61,0,0,0,0,Matches
337,Rodrigo López,mx MEX,MF,UNAM,21,2001,10.4,1,17,2,11.8,1.64,0.19,0.06,0.5,0,0,Matches
338,Santiago López,ca CAN,FW,UNAM,18,2005,0.1,0,2,0,0,22.5,0,0,,0,0,Matches
339,Victor Lopez,mx MEX,MF,Monterrey,20,2003,4.2,3,11,5,45.5,2.65,1.2,0.27,0.6,0,0,Matches
340,Vladimir Loroña,mx MEX,DF,UANL,24,1998,1.1,0,1,0,0,0.89,0,0,,0,0,Matches
341,Vladimir Loroña,mx MEX,"DF,MF",Santos Laguna,24,1998,1.9,0,0,0,,0,0,,,0,0,Matches
342,Lucas de los Santos,uy URU,MF,Puebla,22,2001,1.9,0,0,0,,0,0,,,0,0,Matches
343,Augusto Lotti,it ITA,FW,Cruz Azul,27,1996,1.5,0,5,1,20,3.41,0.68,0,0,0,0,Matches
344,Brian Lozano,uy URU,FW,Atlas,29,1994,4.6,0,17,5,29.4,3.67,1.08,0,0,0,0,Matches
345,José Lozano,mx MEX,"DF,MF",Atlas,24,1998,18.2,2,16,8,50,0.88,0.44,0.13,0.25,0,0,Matches
346,Israel Luna,mx MEX,MF,Pachuca,21,2002,2.8,0,6,2,33.3,2.13,0.71,0,0,0,0,Matches
347,Juan Luna,mx MEX,DF,UANL,20,2003,0,0,0,0,,0,0,,,0,0,Matches
348,Oscar Macías,mx MEX,MF,Atlético San Luis,25,1998,0.5,0,1,0,0,1.84,0,0,,0,0,Matches
349,Waldo Madrid,mx MEX,MF,Necaxa,19,2003,0.5,0,0,0,,0,0,,,0,0,Matches
350,Fernando Madrigal,mx MEX,MF,Tijuana,31,1991,17.3,5,47,16,34,2.71,0.92,0.11,0.31,0,0,Matches
Rk,Player,Nation,Pos,Squad,Age,Born,90s,Gls,Sh,SoT,SoT%,Sh/90,SoT/90,G/Sh,G/SoT,PK,PKatt,Matches
351,José Madueña,mx MEX,DF,Mazatlán,33,1990,13.9,1,5,3,60,0.36,0.22,0.2,0.33,0,0,Matches
352,Lisandro Magallán,ar ARG,DF,UNAM,29,1993,28.3,1,18,4,22.2,0.64,0.14,0.06,0.25,0,0,Matches
353,Federico Mancuello,ar ARG,MF,Puebla,34,1989,3,1,9,4,44.4,3,1.33,0.11,0.25,0,0,Matches
354,Mauro Manotas,co COL,FW,Atlas,28,1995,2.3,0,10,2,20,4.27,0.85,0,0,0,0,Matches
355,Daniel Mantilla,co COL,MF,Necaxa,26,1996,3,0,3,0,0,0.99,0,0,,0,0,Matches
356,Juan Manuel Sanabria,uy URU,"DF,MF",Atlético San Luis,23,2000,32,1,36,7,19.4,1.13,0.22,0.03,0.14,0,0,Matches
357,Óscar Manzanarez,mx MEX,DF,Querétaro,28,1995,21.4,0,11,0,0,0.51,0,0,,0,0,Matches
358,Javier Marcelo Correa,ar ARG,FW,Santos Laguna,30,1992,1.8,1,19,9,47.4,10.75,5.09,0.05,0.11,0,0,Matches
359,Jahaziel Marchand,mx MEX,MF,Pachuca,21,2001,2.2,0,0,0,,0,0,,,0,0,Matches
360,Ricardo Marín,mx MEX,FW,Guadalajara,25,1998,22.6,6,48,16,33.3,2.12,0.71,0.13,0.38,0,0,Matches
361,Salvador Mariscal,mx MEX,"MF,FW",Santos Laguna,20,2003,6.5,0,0,0,,0,0,,,0,0,Matches
362,Jeremy Márquez,mx MEX,MF,Atlas,23,2000,20,2,44,13,29.5,2.2,0.65,0.05,0.15,0,0,Matches
363,Henry Martín,mx MEX,FW,América,30,1992,17.3,9,35,19,54.3,2.02,1.1,0.2,0.37,2,3,Matches
364,Alejandro Martínez,ar ARG,"MF,FW",Tijuana,26,1997,12.1,2,24,9,37.5,1.98,0.74,0.08,0.22,0,0,Matches
365,Guillermo Martínez Ayala,mx MEX,FW,Puebla,28,1995,15,10,45,19,42.2,2.99,1.26,0.18,0.42,2,2,Matches
366,Guillermo Martínez Ayala,mx MEX,FW,UNAM,28,1995,12.8,6,39,18,46.2,3.05,1.41,0.15,0.33,0,0,Matches
367,Emilio Martínez González,mx MEX,DF,Necaxa,20,2003,16.3,1,6,1,16.7,0.37,0.06,0.17,1,0,0,Matches
368,Jaziel Martínez,mx MEX,MF,Atlas,22,2000,6.1,1,9,1,11.1,1.49,0.17,0.11,1,0,0,Matches
369,Jaziel Martínez,mx MEX,MF,Monterrey,22,2000,0.5,0,0,0,,0,0,,,0,0,Matches
370,Raúl Martínez,mx MEX,DF,Guadalajara,20,2003,3.1,0,1,0,0,0.33,0,0,,0,0,Matches
371,Román Martínez,mx MEX,FW,América,20,2002,1.5,0,2,2,100,1.35,1.35,0,0,0,0,Matches
372,Sebastián Martínez,mx MEX,MF,América,20,2003,0.6,0,0,0,,0,0,,,0,0,Matches
373,Edson Mata,mx MEX,DF,Mazatlán,20,2003,0.3,0,0,0,,0,0,,,0,0,Matches
374,Alejandro Mayorga,mx MEX,"DF,MF",Necaxa,26,1997,4.8,0,2,1,50,0.42,0.21,0,0,0,0,Matches
375,Alejandro Mayorga,mx MEX,DF,Guadalajara,26,1997,4.4,0,6,1,16.7,1.37,0.23,0,0,0,0,Matches
Rk,Player,Nation,Pos,Squad,Age,Born,90s,Gls,Sh,SoT,SoT%,Sh/90,SoT/90,G/Sh,G/SoT,PK,PKatt,Matches
376,Alan Medina,mx MEX,MF,Mazatlán,25,1997,11.7,0,10,3,30,0.86,0.26,0,0,0,0,Matches
377,Alan Medina,uy URU,MF,León,25,1998,10.5,2,18,5,27.8,1.72,0.48,0.11,0.4,0,0,Matches
378,Diego Medina,mx MEX,"MF,FW",Santos Laguna,22,2001,17,2,10,5,50,0.59,0.29,0.2,0.4,0,0,Matches
379,Stefan Medina,co COL,DF,Monterrey,31,1992,16.5,1,10,1,10,0.61,0.06,0.1,1,0,0,Matches
380,Aaron Mejía Montoya,mx MEX,DF,Tijuana,22,2001,7.9,0,5,0,0,0.64,0,0,,0,0,Matches
381,Ángel Mena,ec ECU,"MF,FW",León,35,1988,21.3,6,36,14,38.9,1.69,0.66,0.11,0.29,2,2,Matches
382,Édgar Méndez,es ESP,"FW,MF",Necaxa,33,1990,14.3,6,38,14,36.8,2.66,0.98,0.16,0.43,0,0,Matches
383,Jean Meneses,cl CHI,MF,Toluca,30,1993,24.3,6,45,11,24.4,1.85,0.45,0.13,0.55,0,0,Matches
384,Roberto Meraz,mx MEX,MF,Mazatlán,23,1999,1.6,0,1,1,100,0.62,0.62,0,0,0,0,Matches
385,Lucas Merolla,ar ARG,DF,Mazatlán,28,1995,3.1,0,2,0,0,0.65,0,0,,0,0,Matches
386,Bruce El-Mesmari,mx MEX,MF,América,21,2002,0.2,0,1,0,0,4.29,0,0,,0,0,Matches
387,Maximiliano Meza,ar ARG,"MF,FW",Monterrey,30,1992,22.3,6,55,18,32.7,2.46,0.81,0.09,0.28,1,1,Matches
388,Andrés Micolta,ec ECU,DF,Pachuca,24,1999,6,0,2,0,0,0.33,0,0,,0,0,Matches
389,Hiram Mier,mx MEX,DF,Guadalajara,33,1989,0.1,0,0,0,,0,0,,,0,0,Matches
390,Kevin Mier,co COL,GK,Cruz Azul,23,2000,17,0,0,0,,0,0,,,0,0,Matches
391,Moises,br BRA,"MF,FW",Cruz Azul,26,1996,9.5,1,20,7,35,2.1,0.74,0.05,0.14,0,0,Matches
392,Jesús Molina,mx MEX,MF,UNAM,35,1988,4.1,0,5,2,40,1.22,0.49,0,0,0,0,Matches
393,Ricardo Monreal,mx MEX,"FW,MF",Necaxa,22,2001,16.9,4,28,14,50,1.65,0.83,0.14,0.29,0,0,Matches
394,Pablo Monroy,mx MEX,DF,UNAM,21,2002,15.7,0,11,1,9.1,0.7,0.06,0,0,0,0,Matches
395,Andres Montaño,mx MEX,MF,Mazatlán,21,2002,21.2,4,43,11,25.6,2.03,0.52,0.07,0.27,1,1,Matches
396,Joaquín Montecinos,cl CHI,FW,Querétaro,27,1995,2.6,0,15,3,20,5.72,1.14,0,0,0,0,Matches
397,Emanuel Montejano Arroyo,mx MEX,FW,UNAM,22,2001,0.6,0,0,0,,0,0,,,0,0,Matches
398,Alán Montes,mx MEX,DF,Necaxa,22,2000,27.9,2,21,10,47.6,0.75,0.36,0.1,0.2,0,0,Matches
399,Elias Montiel,mx MEX,MF,Pachuca,17,2005,15.3,0,19,4,21.1,1.24,0.26,0,0,0,0,Matches
400,Adrián Mora,mx MEX,DF,Toluca,25,1997,2.4,0,0,0,,0,0,,,0,0,Matches
Rk,Player,Nation,Pos,Squad,Age,Born,90s,Gls,Sh,SoT,SoT%,Sh/90,SoT/90,G/Sh,G/SoT,PK,PKatt,Matches
401,Amaury Morales,mx MEX,MF,Cruz Azul,17,2005,0.6,0,2,0,0,3.33,0,0,,0,0,Matches
402,Robert Morales,py PAR,"FW,MF",Toluca,24,1999,11.5,4,31,16,51.6,2.69,1.39,0.13,0.25,0,0,Matches
403,Arath Moreno,mx MEX,MF,Necaxa,17,2005,0.4,0,0,0,,0,0,,,0,0,Matches
404,Carlos Moreno,mx MEX,GK,Pachuca,25,1998,29,0,0,0,,0,0,,,0,0,Matches
405,Héctor Moreno,mx MEX,DF,Monterrey,35,1988,18.3,0,4,0,0,0.22,0,0,,0,0,Matches
406,Iker Moreno,mx MEX,DF,Atlético San Luis,19,2003,5.2,1,2,1,50,0.39,0.19,0.5,1,0,0,Matches
407,Iván Moreno,mx MEX,"DF,MF",León,25,1998,17.5,1,15,6,40,0.85,0.34,0.07,0.17,0,0,Matches
408,Omar Moreno,mx MEX,FW,Mazatlán,18,2005,0.6,0,1,1,100,1.58,1.58,0,0,0,0,Matches
409,Andrés Mosquera Guardia,co COL,DF,Toluca,33,1990,15.6,0,6,2,33.3,0.39,0.13,0,0,0,0,Matches
410,Moises Mosquera,co COL,DF,FC Juárez,22,2001,23.5,0,6,1,16.7,0.26,0.04,0,0,0,0,Matches
411,Joaquín Moxica,mx MEX,FW,Monterrey,17,2006,0.2,0,0,0,,0,0,,,0,0,Matches
412,Alan Mozo,mx MEX,DF,Guadalajara,26,1997,29.6,0,20,1,5,0.68,0.03,0,0,0,0,Matches
413,Guillermo Muñoz,mx MEX,FW,Santos Laguna,18,2004,0.2,0,0,0,,0,0,,,0,0,Matches
414,Santiago Muñóz,mx MEX,"FW,MF",Santos Laguna,20,2002,7.3,1,9,3,33.3,1.23,0.41,0.11,0.33,0,0,Matches
415,Zahid Muñoz,mx MEX,MF,FC Juárez,22,2001,0.2,0,0,0,,0,0,,,0,0,Matches
416,Zahid Muñoz,mx MEX,MF,Guadalajara,22,2001,0.2,0,0,0,,0,0,,,0,0,Matches
417,Jhon Murillo,ve VEN,"MF,FW",Atlas,27,1995,11.3,1,19,7,36.8,1.69,0.62,0.05,0.14,0,0,Matches
418,Jhon Murillo,ve VEN,MF,Atlético San Luis,27,1995,14.6,1,22,6,27.3,1.5,0.41,0.05,0.17,0,0,Matches
419,Gonzalo Nápoli,uy URU,MF,León,23,2000,6.4,0,6,5,83.3,0.94,0.79,0,0,0,0,Matches
420,Fernando Navarro Morán,mx MEX,MF,Puebla,34,1989,7.4,1,8,1,12.5,1.08,0.14,0.13,1,0,0,Matches
421,Fernando Navarro Morán,mx MEX,MF,Toluca,34,1989,1,0,1,0,0,0.97,0,0,,0,0,Matches
422,Santiago Naveda,mx MEX,MF,América,22,2001,4.5,0,5,0,0,1.11,0,0,,0,0,Matches
423,Hugo Nervo,ar ARG,DF,Atlas,32,1991,33,0,14,2,14.3,0.42,0.06,0,0,0,0,Matches
424,Francisco Nevarez,mx MEX,DF,FC Juárez,22,2000,0.7,0,0,0,,0,0,,,0,0,Matches
425,Santiago Núñez,ar ARG,DF,Santos Laguna,23,2000,13.7,0,6,2,33.3,0.44,0.15,0,0,0,0,Matches
Rk,Player,Nation,Pos,Squad,Age,Born,90s,Gls,Sh,SoT,SoT%,Sh/90,SoT/90,G/Sh,G/SoT,PK,PKatt,Matches
426,Alberto Ocejo,mx MEX,FW,Santos Laguna,25,1998,5.1,0,16,2,12.5,3.16,0.39,0,0,0,0,Matches
427,Christian Oliva,uy URU,MF,FC Juárez,27,1996,5.6,0,7,4,57.1,1.25,0.72,0,0,0,0,Matches
428,Luis Olivas,mx MEX,DF,Mazatlán,23,2000,15.2,0,12,4,33.3,0.79,0.26,0,0,0,0,Matches
429,Agustín Oliveros,uy URU,DF,Necaxa,24,1998,20.7,0,8,1,12.5,0.39,0.05,0,0,0,0,Matches
430,Sebastián Olmedo,py PAR,DF,Puebla,22,2001,29.1,0,0,0,,0,0,,,0,0,Matches
431,Fernando Ordóñez,mx MEX,DF,UANL,22,2001,1.7,0,1,1,100,0.58,0.58,0,0,0,0,Matches
432,Santiago Ormeño,pe PER,FW,Puebla,29,1994,6.3,3,15,5,33.3,2.39,0.8,0.2,0.6,0,0,Matches
433,Santiago Ormeño,pe PER,FW,FC Juárez,29,1994,1.9,1,5,1,20,2.59,0.52,0,0,1,1,Matches
434,Efraín Orona,mx MEX,DF,Puebla,24,1999,7.4,0,5,1,20,0.67,0.13,0,0,0,0,Matches
435,Jesús Orozco,mx MEX,DF,Guadalajara,21,2002,27.1,0,12,0,0,0.44,0,0,,0,0,Matches
436,Ralph Orquin,us USA,DF,FC Juárez,20,2003,8.2,0,3,0,0,0.36,0,0,,0,0,Matches
437,Carlos Orrantía,mx MEX,"DF,MF",Toluca,32,1991,12.4,0,11,3,27.3,0.89,0.24,0,0,0,0,Matches
438,Haret Ortega,mx MEX,DF,FC Juárez,23,2000,5,0,2,0,0,0.4,0,0,,0,0,Matches
439,Kevin Ortega,mx MEX,MF,Atlético San Luis,21,2002,0.1,0,0,0,,0,0,,,0,0,Matches
440,Kevin Ortega,mx MEX,MF,Monterrey,21,2002,0.2,0,0,0,,0,0,,,0,0,Matches
441,Arturo Ortiz,mx MEX,DF,UNAM,30,1992,5.4,0,3,0,0,0.55,0,0,,0,0,Matches
442,Arturo Ortiz,mx MEX,DF,FC Juárez,30,1992,6.5,1,4,3,75,0.62,0.46,0.25,0.33,0,0,Matches
443,Celso Ortiz,py PAR,MF,Pachuca,34,1989,5.6,0,3,0,0,0.54,0,0,,0,0,Matches
444,Celso Ortiz,py PAR,MF,Monterrey,34,1989,2.1,0,1,0,0,0.49,0,0,,0,0,Matches
445,Pablo Ortiz,mx MEX,DF,Querétaro,21,2002,7.4,1,3,3,100,0.41,0.41,0.33,0.33,0,0,Matches
446,Mario Osuna,mx MEX,MF,FC Juárez,34,1988,3.1,0,2,0,0,0.65,0,0,,0,0,Matches
447,Fernando Ovelar,py PAR,MF,Pachuca,19,2004,0.4,0,0,0,,0,0,,,0,0,Matches
448,Juan Pablo Vigón,mx MEX,MF,UANL,32,1991,12.9,3,20,9,45,1.55,0.7,0.15,0.33,0,0,Matches
449,Yael Padilla,mx MEX,"MF,FW",Guadalajara,17,2005,7.4,3,19,8,42.1,2.56,1.08,0.16,0.38,0,0,Matches
450,José Paradela,ar ARG,"MF,FW",Necaxa,24,1998,13.5,5,35,15,42.9,2.59,1.11,0.11,0.27,1,1,Matches
Rk,Player,Nation,Pos,Squad,Age,Born,90s,Gls,Sh,SoT,SoT%,Sh/90,SoT/90,G/Sh,G/SoT,PK,PKatt,Matches
451,Rodrigo Parra,mx MEX,DF,Tijuana,19,2003,0.8,0,0,0,,0,0,,,0,0,Matches
452,Ramón Pasquel,mx MEX,GK,FC Juárez,27,1996,0.7,0,0,0,,0,0,,,0,0,Matches
453,Paulino,es ESP,MF,Pachuca,26,1997,1.4,0,3,0,0,2.09,0,0,,0,0,Matches
454,Pedro Pedraza,mx MEX,MF,Pachuca,23,2000,16.2,0,6,0,0,0.37,0,0,,0,0,Matches
455,Gonzalo Pelúa,uy URU,DF,FC Juárez,20,2003,4.5,0,2,1,50,0.44,0.22,0,0,0,0,Matches
456,Federico Pereira,uy URU,DF,Toluca,23,2000,17,3,17,5,29.4,1,0.29,0.18,0.6,0,0,Matches
457,Aldahir Perez,mx MEX,MF,Querétaro,18,2004,0,0,0,0,,0,0,,,0,0,Matches
458,Sebastián Pérez Bouquet,mx MEX,MF,FC Juárez,20,2003,5.7,0,10,2,20,1.76,0.35,0,0,0,0,Matches
459,Pavel Pérez,mx MEX,"FW,MF",Guadalajara,25,1998,12.1,1,27,7,25.9,2.24,0.58,0.04,0.14,0,0,Matches
460,Jonathan Perlaza,ec ECU,DF,Querétaro,25,1997,3.1,0,1,0,0,0.32,0,0,,0,0,Matches
461,Yan Phillipe,br BRA,"MF,FW",Atlético San Luis,19,2004,2,2,6,3,50,2.95,1.48,0.33,0.67,0,0,Matches
462,Jesús Piñuelas,mx MEX,DF,Toluca,25,1998,1.7,0,1,0,0,0.59,0,0,,0,0,Matches
463,Gonzalo Piovi,ar ARG,DF,Cruz Azul,28,1994,16.2,0,29,7,24.1,1.79,0.43,0,0,0,1,Matches
464,Guido Pizarro,ar ARG,DF,UANL,33,1990,23.9,0,13,4,30.8,0.54,0.17,0,0,0,0,Matches
465,Eugenio Pizzuto,mx MEX,MF,UANL,21,2002,0.3,0,1,0,0,3.75,0,0,,0,0,Matches
466,Stiven Plaza,ec ECU,FW,Mazatlán,24,1999,0.4,0,1,0,0,2.65,0,0,,0,0,Matches
467,Vicente Poggi,uy URU,MF,Necaxa,21,2002,5.8,0,10,2,20,1.72,0.34,0,0,0,0,Matches
468,Osvaldo Rodríguez del Portal,mx MEX,DF,León,26,1996,22.3,1,12,3,25,0.54,0.13,0.08,0.33,0,0,Matches
469,Ayrton Preciado,ec ECU,MF,Querétaro,29,1994,0.4,0,0,0,,0,0,,,0,0,Matches
470,Harold Preciado,co COL,FW,Santos Laguna,29,1994,21.3,15,70,30,42.9,3.29,1.41,0.14,0.33,5,6,Matches
471,Leonel Prieto,mx MEX,FW,UANL,21,2001,0.2,0,0,0,,0,0,,,0,0,Matches
472,Ronaldo Prieto,mx MEX,"DF,MF",Santos Laguna,26,1997,9,1,7,2,28.6,0.78,0.22,0.14,0.5,0,0,Matches
473,Julián Quiñones,mx MEX,"MF,FW",América,26,1997,22.3,12,80,34,42.5,3.59,1.53,0.13,0.29,2,2,Matches
474,Piero Quispe,pe PER,MF,UNAM,21,2001,10.7,1,11,5,45.5,1.02,0.47,0.09,0.2,0,0,Matches
475,José Rangel Aguilar,mx MEX,GK,Guadalajara,23,2000,18.2,0,1,0,0,0.06,0,0,,0,0,Matches
Rk,Player,Nation,Pos,Squad,Age,Born,90s,Gls,Sh,SoT,SoT%,Sh/90,SoT/90,G/Sh,G/SoT,PK,PKatt,Matches
476,Pedro Raul,br BRA,FW,Toluca,26,1996,6.6,2,19,6,31.6,2.88,0.91,0.11,0.33,0,0,Matches
477,Ricardo Rentería,mx MEX,MF,Monterrey,21,2002,0.1,0,0,0,,0,0,,,0,0,Matches
478,Diego Reyes,mx MEX,DF,UANL,30,1992,15.6,1,8,2,25,0.51,0.13,0.13,0.5,0,0,Matches
479,Israel Reyes,mx MEX,DF,América,23,2000,15.3,0,9,4,44.4,0.59,0.26,0,0,0,0,Matches
480,Salvador Reyes,mx MEX,"DF,MF",América,25,1998,12.5,4,14,8,57.1,1.12,0.64,0.29,0.5,0,0,Matches
481,Luis Ricardo Reyes,mx MEX,DF,Atlas,32,1991,21.5,2,19,5,26.3,0.88,0.23,0.11,0.4,0,0,Matches
482,Martín Río,ar ARG,MF,Querétaro,22,2001,0.6,0,2,0,0,3.46,0,0,,0,0,Matches
483,Víctor Ríos,mx MEX,MF,Atlas,19,2004,3.3,0,4,1,25,1.2,0.3,0,0,0,0,Matches
484,Jesús Rivas,mx MEX,DF,UNAM,20,2002,10.5,0,5,0,0,0.47,0,0,,0,0,Matches
485,Ulises Rivas,mx MEX,MF,UNAM,27,1996,27.2,6,31,10,32.3,1.14,0.37,0.19,0.6,0,0,Matches
486,Christian Rivera,co COL,MF,Tijuana,27,1996,31.3,7,33,13,39.4,1.05,0.42,0.03,0.08,6,6,Matches
487,Ignacio Rivero,uy URU,"MF,DF",Cruz Azul,31,1992,27.3,3,57,21,36.8,2.08,0.77,0.05,0.14,0,0,Matches
488,Ángel Robles,mx MEX,"FW,MF",Puebla,21,2001,6.8,0,15,4,26.7,2.21,0.59,0,0,0,0,Matches
489,Carlos Robles,mx MEX,DF,Atlas,23,2000,10.8,2,9,3,33.3,0.83,0.28,0.22,0.67,0,0,Matches
490,Aldo Rocha,mx MEX,MF,Atlas,30,1992,26.2,5,26,9,34.6,0.99,0.34,0.15,0.44,1,1,Matches
491,Brian Rodríguez,uy URU,MF,América,23,2000,14.7,5,34,13,38.2,2.32,0.89,0.15,0.38,0,0,Matches
492,Charly Rodríguez,mx MEX,MF,Cruz Azul,26,1997,27.8,1,30,12,40,1.08,0.43,0.03,0.08,0,0,Matches
493,David Rodriguez,us USA,MF,Atlético San Luis,21,2002,2.3,0,5,0,0,2.17,0,0,,0,0,Matches
494,Emerson Rodríguez,co COL,MF,Santos Laguna,22,2000,13.6,2,17,7,41.2,1.25,0.52,0.12,0.29,0,0,Matches
495,Jesús Rodríguez,mx MEX,GK,Puebla,30,1993,34,0,0,0,,0,0,,,0,0,Matches
496,Jonathan Rodríguez,uy URU,"MF,FW",América,30,1993,9,7,27,15,55.6,2.99,1.66,0.22,0.4,1,2,Matches
497,Jorge Rodríguez,mx MEX,DF,Necaxa,21,2001,13.9,0,12,2,16.7,0.87,0.14,0,0,0,0,Matches
498,Lucas Rodríguez,ar ARG,MF,Tijuana,26,1997,23.4,3,39,11,28.2,1.67,0.47,0.08,0.27,0,1,Matches
499,Miguel Rodríguez,mx MEX,"DF,MF",Pachuca,20,2003,24.7,2,30,12,40,1.22,0.49,0.07,0.17,0,0,Matches
500,Salvador Rodríguez,mx MEX,DF,Mazatlán,21,2001,4.3,0,2,1,50,0.46,0.23,0,0,0,0,Matches
Rk,Player,Nation,Pos,Squad,Age,Born,90s,Gls,Sh,SoT,SoT%,Sh/90,SoT/90,G/Sh,G/SoT,PK,PKatt,Matches
501,Valentín Rodríguez,uy URU,DF,Pachuca,22,2001,3,0,3,1,33.3,1,0.33,0,0,0,0,Matches
502,Braian Romero,ar ARG,"FW,MF",Tijuana,32,1991,0.6,0,1,0,0,1.73,0,0,,0,0,Matches
503,Lucas Romero,ar ARG,MF,León,29,1994,10.8,0,10,2,20,0.92,0.18,0,0,0,0,Matches
504,Luis Romo,mx MEX,MF,Monterrey,28,1995,21.8,1,32,6,18.8,1.47,0.28,0.03,0.17,0,0,Matches
505,Salomón Rondón,ve VEN,FW,Pachuca,33,1989,14.3,8,61,23,37.7,4.25,1.6,0.1,0.26,2,2,Matches
506,Carlos Rotondi,ar ARG,"MF,DF",Cruz Azul,26,1997,27.6,5,71,18,25.4,2.57,0.65,0.06,0.22,1,1,Matches
507,Fernando Rubén González,mx MEX,MF,Guadalajara,29,1994,16.2,0,4,1,25,0.25,0.06,0,0,0,0,Matches
508,Rubio Rubin,gt GUA,FW,Querétaro,27,1996,1.1,0,1,0,0,0.88,0,0,,0,0,Matches
509,Brian Rubio,mx MEX,"FW,MF",Mazatlán,26,1996,5.1,1,15,8,53.3,2.97,1.58,0.07,0.13,0,0,Matches
510,Brian Rubio,mx MEX,FW,León,26,1996,4.9,1,12,3,25,2.43,0.61,0.08,0.33,0,0,Matches
511,Raymundo Rubio,mx MEX,DF,Cruz Azul,22,2001,0.1,0,0,0,,0,0,,,0,0,Matches
512,Marcel Ruiz,mx MEX,MF,Toluca,22,2000,27.8,2,50,14,28,1.8,0.5,0.04,0.14,0,0,Matches
513,Jorge Ruvalcaba,mx MEX,MF,UNAM,22,2001,0.7,0,1,0,0,1.43,0,0,,0,0,Matches
514,Javier Salas,mx MEX,MF,FC Juárez,29,1993,20.8,0,16,2,12.5,0.77,0.1,0,0,0,0,Matches
515,Patricio Salas,mx MEX,FW,América,19,2004,0.4,0,3,1,33.3,7.11,2.37,0,0,0,0,Matches
516,Carlos Salcedo,mx MEX,DF,Cruz Azul,29,1993,19.8,0,7,1,14.3,0.35,0.05,0,0,0,0,Matches
517,Sebastien Salles-Lamonge,fr FRA,MF,Atlético San Luis,27,1996,14.9,3,30,11,36.7,2.01,0.74,0.1,0.27,0,0,Matches
518,Eduardo Salvio,ar ARG,MF,UNAM,33,1990,28.8,6,85,28,32.9,2.95,0.97,0.06,0.18,1,1,Matches
519,Braian Samudio,py PAR,"MF,FW",Necaxa,27,1995,8.8,4,21,11,52.4,2.4,1.26,0.19,0.36,0,0,Matches
520,Andrés Sánchez,mx MEX,GK,Atlético San Luis,25,1997,24,0,0,0,,0,0,,,0,0,Matches
521,Carlos Sánchez,mx MEX,DF,Pachuca,21,2002,6,0,1,1,100,0.17,0.17,0,0,0,0,Matches
522,Diego Sánchez,mx MEX,MF,UANL,18,2005,0.1,0,2,0,0,36,0,0,,0,0,Matches
523,Erick Sánchez,mx MEX,MF,Pachuca,23,1999,25.8,9,62,24,38.7,2.4,0.93,0.15,0.38,0,0,Matches
524,Jesús Sánchez García,mx MEX,DF,Guadalajara,33,1989,3.3,0,1,0,0,0.3,0,0,,0,0,Matches
525,Borja Sánchez Laborde,es ESP,"MF,DF",León,27,1996,3.9,1,7,2,28.6,1.78,0.51,0.14,0.5,0,0,Matches
Rk,Player,Nation,Pos,Squad,Age,Born,90s,Gls,Sh,SoT,SoT%,Sh/90,SoT/90,G/Sh,G/SoT,PK,PKatt,Matches
526,Luis Sánchez,mx MEX,DF,Mazatlán,23,2000,4.7,0,2,1,50,0.42,0.21,0,0,0,0,Matches
527,Luis Sánchez,mx MEX,DF,Pachuca,23,2000,0.7,0,0,0,,0,0,,,0,0,Matches
528,Richard Sánchez,py PAR,MF,América,27,1996,16.4,2,18,5,27.8,1.1,0.31,0.11,0.4,0,0,Matches
529,Raúl Sandoval,mx MEX,"MF,DF",Querétaro,23,2000,22.1,2,22,4,18.2,0.99,0.18,0.09,0.5,0,0,Matches
530,Miguel Sansores,mx MEX,FW,Puebla,32,1991,10.9,4,21,8,38.1,1.93,0.73,0.19,0.5,0,0,Matches
531,Miguel Sansores,mx MEX,FW,Mazatlán,32,1991,0.8,0,2,1,50,2.65,1.32,0,0,0,0,Matches
532,Anderson Santamaría,pe PER,DF,Atlas,31,1992,16.7,0,8,2,25,0.48,0.12,0,0,0,0,Matches
533,Emilio Santillán,mx MEX,FW,Santos Laguna,19,2003,0.1,0,0,0,,0,0,,,0,0,Matches
534,Michael Santos,uy URU,FW,FC Juárez,30,1993,13.2,3,37,12,32.4,2.8,0.91,0.08,0.25,0,0,Matches
535,Samir Santos,br BRA,DF,UANL,28,1994,22.4,1,9,4,44.4,0.4,0.18,0.11,0.25,0,0,Matches
536,Sebastian Santos,mx MEX,"MF,FW",León,20,2003,4.4,0,14,4,28.6,3.17,0.91,0,0,0,0,Matches
537,Camilo Sanvezzo,br BRA,"FW,MF",Querétaro,35,1988,6.6,2,24,8,33.3,3.63,1.21,0.08,0.25,0,1,Matches
538,Sebastián Saucedo,us USA,MF,FC Juárez,26,1997,8.9,1,22,7,31.8,2.47,0.79,0.05,0.14,0,0,Matches
539,Francisco Sebastián Córdova,mx MEX,MF,UANL,26,1997,16.5,5,33,15,45.5,2,0.91,0.15,0.33,0,0,Matches
540,Ángel Sepúlveda,mx MEX,"FW,MF",Querétaro,32,1991,3.6,3,9,4,44.4,2.52,1.12,0.33,0.75,0,0,Matches
541,Ángel Sepúlveda,mx MEX,FW,Cruz Azul,32,1991,18.7,8,54,24,44.4,2.89,1.28,0.13,0.29,1,2,Matches
542,Gilberto Sepúlveda,mx MEX,DF,Guadalajara,24,1999,23.8,1,5,2,40,0.21,0.08,0.2,0.5,0,0,Matches
543,Leonardo Sepulveda,us USA,DF,Guadalajara,22,2001,4.6,0,0,0,,0,0,,,0,0,Matches
544,Jesús Serrato,mx MEX,MF,Atlas,17,2005,0.1,0,0,0,,0,0,,,0,0,Matches
545,Jordan Sierra,ec ECU,MF,Querétaro,26,1997,14.9,0,22,4,18.2,1.48,0.27,0,0,0,0,Matches
546,Gastón Silva,uy URU,DF,Puebla,29,1994,27.9,1,14,6,42.9,0.5,0.22,0.07,0.17,0,0,Matches
547,Jordan Silva,mx MEX,DF,Atlético San Luis,29,1994,10.7,0,10,3,30,0.93,0.28,0,0,0,0,Matches
548,Nathan Silva,br BRA,DF,UNAM,26,1997,30.5,2,18,4,22.2,0.59,0.13,0.11,0.5,0,0,Matches
549,Maximiliano Silvera,uy URU,FW,Necaxa,25,1997,1.2,0,4,1,25,3.21,0.8,0,0,0,0,Matches
550,Augusto Solari,ar ARG,"MF,FW",Atlas,31,1992,12.8,2,8,6,75,0.62,0.47,0.25,0.33,0,0,Matches
Rk,Player,Nation,Pos,Squad,Age,Born,90s,Gls,Sh,SoT,SoT%,Sh/90,SoT/90,G/Sh,G/SoT,PK,PKatt,Matches
551,Ramiro Sordo,ar ARG,MF,Santos Laguna,23,2000,4.6,1,14,4,28.6,3.03,0.87,0.07,0.25,0,0,Matches
552,César Sosa,mx MEX,MF,FC Juárez,19,2004,1.2,0,0,0,,0,0,,,0,0,Matches
553,Samuel Sosa,ve VEN,"FW,MF",Querétaro,23,1999,7.4,3,13,5,38.5,1.77,0.68,0.23,0.6,0,0,Matches
554,Isidro Suárez,mx MEX,MF,Monterrey,20,2003,0.2,0,0,0,,0,0,,,0,0,Matches
555,Leonardo Suárez,ar ARG,MF,América,27,1996,7.2,2,20,8,40,2.8,1.12,0.1,0.25,0,0,Matches
556,Leonardo Suárez,ar ARG,MF,UNAM,27,1996,7.4,3,30,10,33.3,4.05,1.35,0.1,0.3,0,0,Matches
557,Christian Tabó,uy URU,"MF,FW",UNAM,29,1993,3.2,0,4,2,50,1.27,0.63,0,0,0,0,Matches
558,Christian Tabó,uy URU,MF,Cruz Azul,29,1993,2.4,0,6,1,16.7,2.52,0.42,0,0,0,0,Matches
559,Alfredo Talavera,mx MEX,GK,FC Juárez,40,1982,16.3,0,0,0,,0,0,,,0,0,Matches
560,Fernando Tapia,mx MEX,GK,Querétaro,22,2001,14.2,0,0,0,,0,0,,,0,0,Matches
561,David Terans,uy URU,"MF,FW",Pachuca,28,1994,6.1,0,27,9,33.3,4.41,1.47,0,0,0,0,Matches
562,Eduardo Tercero,mx MEX,DF,UANL,27,1996,3.1,0,1,0,0,0.32,0,0,,0,0,Matches
563,William Tesillo,co COL,DF,León,33,1990,20.8,0,19,1,5.3,0.91,0.05,0,0,0,0,Matches
564,Sait Tlaxcalteco,mx MEX,MF,Toluca,20,2003,0.2,0,0,0,,0,0,,,0,0,Matches
565,Iván Tona,mx MEX,MF,Tijuana,23,2000,5.4,0,17,4,23.5,3.17,0.75,0,0,0,0,Matches
566,Alan Torres,mx MEX,MF,Guadalajara,23,2000,2.5,0,1,1,100,0.39,0.39,0,0,0,0,Matches
567,Félix Torres Caicedo,ec ECU,DF,Santos Laguna,26,1997,15.1,5,16,6,37.5,1.06,0.4,0.31,0.83,0,0,Matches
568,Erick Torres,mx MEX,DF,León,19,2004,0.1,0,0,0,,0,0,,,0,0,Matches
569,Jairo Torres,mx MEX,MF,FC Juárez,23,2000,3.3,0,6,0,0,1.8,0,0,,0,0,Matches
570,Jonathan Torres,ar ARG,FW,Querétaro,26,1996,0.1,0,0,0,,0,0,,,0,0,Matches
571,Christopher Trejo,mx MEX,FW,Atlas,23,1999,4.5,0,14,5,35.7,3.11,1.11,0,0,0,0,Matches
572,Santiago Trigos,mx MEX,MF,UNAM,21,2002,6.3,0,7,4,57.1,1.11,0.63,0,0,0,0,Matches
573,Ezequiel Unsain,ar ARG,GK,Necaxa,28,1995,24.5,0,0,0,,0,0,,,0,0,Matches
574,Héctor Uribe,mx MEX,MF,León,19,2004,1.6,0,2,1,50,1.29,0.64,0,0,0,0,Matches
575,Diego Urtiaga,mx MEX,GK,Atlético San Luis,24,1998,10,0,1,0,0,0.1,0,0,,0,0,Matches
Rk,Player,Nation,Pos,Squad,Age,Born,90s,Gls,Sh,SoT,SoT%,Sh/90,SoT/90,G/Sh,G/SoT,PK,PKatt,Matches
576,Agustín Urzi,ar ARG,MF,FC Juárez,23,2000,3.8,1,10,6,60,2.62,1.57,0.1,0.17,0,0,Matches
577,Óscar Ustari,ar ARG,GK,Pachuca,37,1986,3,0,0,0,,0,0,,,0,0,Matches
578,Yostin Valadez,mx MEX,FW,Mazatlán,21,2001,0,0,0,0,,0,0,,,0,0,Matches
579,Diego Valdés,cl CHI,MF,América,29,1994,19.3,11,66,25,37.9,3.43,1.3,0.17,0.44,0,0,Matches
580,Carlos Valenzuela,ar ARG,MF,Tijuana,26,1997,0.4,0,0,0,,0,0,,,0,0,Matches
581,Diego Valoyes,co COL,MF,FC Juárez,26,1996,2.4,1,5,1,20,2.05,0.41,0.2,1,0,0,Matches
582,Camilo Vargas,co COL,GK,Atlas,34,1989,34,0,0,0,,0,0,,,0,0,Matches
583,Brandon Vazquez,us USA,FW,Monterrey,24,1998,8.3,6,19,13,68.4,2.29,1.56,0.32,0.46,0,0,Matches
584,Brayton Vázquez,mx MEX,DF,Querétaro,25,1998,0.4,0,0,0,,0,0,,,0,0,Matches
585,Daniel Vázquez,mx MEX,FW,Tijuana,20,2003,0.8,0,1,1,100,1.3,1.3,0,0,0,0,Matches
586,Ivo Vázquez,mx MEX,DF,Puebla,22,2000,1.6,0,0,0,,0,0,,,0,0,Matches
587,Mateo Vázquez,mx MEX,DF,UNAM,20,2003,1.4,0,0,0,,0,0,,,0,0,Matches
588,Alexis Vega,mx MEX,"FW,MF",Toluca,25,1997,10.9,6,25,11,44,2.3,1.01,0.24,0.55,0,0,Matches
589,Alexis Vega,mx MEX,"MF,FW",Guadalajara,25,1997,4.3,1,13,7,53.8,3.05,1.64,0.08,0.14,0,1,Matches
590,Jesús Vega,mx MEX,DF,Tijuana,23,2000,4.2,0,6,2,33.3,1.44,0.48,0,0,0,0,Matches
591,Luis Vega,mx MEX,MF,Santos Laguna,19,2004,0,0,0,0,,0,0,,,0,0,Matches
592,Sebastián Vegas,cl CHI,DF,Monterrey,26,1996,23.9,1,23,4,17.4,0.96,0.17,0.04,0.25,0,0,Matches
593,Kevin Velasco,co COL,MF,Puebla,26,1997,26.1,2,48,20,41.7,1.84,0.76,0.04,0.1,0,0,Matches
594,Jesús Venegas,mx MEX,MF,FC Juárez,28,1995,7.3,1,6,2,33.3,0.83,0.28,0.17,0.5,0,0,Matches
595,Jesús Venegas,mx MEX,"MF,DF",Toluca,28,1995,6.7,0,1,0,0,0.15,0,0,,0,0,Matches
596,Duván Vergara,co COL,MF,Santos Laguna,26,1996,14.3,2,32,11,34.4,2.23,0.77,0.06,0.18,0,0,Matches
597,Néstor Vidrio,mx MEX,DF,Mazatlán,34,1989,3.2,0,0,0,,0,0,,,0,0,Matches
598,Oscar Villa,mx MEX,MF,León,22,2001,0.5,0,0,0,,0,0,,,0,0,Matches
599,Patrick Villa,mx MEX,DF,Puebla,19,2003,0.7,0,0,0,,0,0,,,0,0,Matches
600,Jonatan Villal,us USA,MF,Atlético San Luis,18,2005,1.4,0,0,0,,0,0,,,0,0,Matches
Rk,Player,Nation,Pos,Squad,Age,Born,90s,Gls,Sh,SoT,SoT%,Sh/90,SoT/90,G/Sh,G/SoT,PK,PKatt,Matches
601,Dieter Villalpando,mx MEX,MF,FC Juárez,31,1991,13.1,0,25,5,20,1.91,0.38,0,0,0,0,Matches
602,Dieter Villalpando,mx MEX,"MF,FW",Atlético San Luis,31,1991,15.7,3,34,17,50,2.16,1.08,0.09,0.18,0,0,Matches
603,Abraham Villegas,,DF,Toluca,20,2002,3.7,1,3,1,33.3,0.82,0.27,0.33,1,0,0,Matches
604,Federico Viñas,uy URU,FW,León,25,1998,25,14,92,42,45.7,3.68,1.68,0.13,0.29,2,2,Matches
605,Isaías Violante,mx MEX,FW,Toluca,19,2003,1.5,0,3,3,100,1.96,1.96,0,0,0,0,Matches
606,Vitinho,br BRA,"MF,FW",Atlético San Luis,22,2001,18,7,58,25,43.1,3.22,1.39,0.12,0.28,0,0,Matches
607,Tiago Volpi,br BRA,GK,Toluca,32,1990,34,9,11,9,81.8,0.32,0.26,0,0,9,11,Matches
608,Andrija Vukčević,me MNE,"DF,MF",FC Juárez,26,1996,15.5,1,8,2,25,0.52,0.13,0.13,0.5,0,0,Matches
609,Facundo Waller,uy URU,MF,Puebla,26,1997,0.9,0,1,0,0,1.08,0,0,,0,0,Matches
610,Édgar Yoel Bárcenas,pa PAN,"MF,FW",Mazatlán,29,1993,20.5,3,54,18,33.3,2.64,0.88,0.06,0.17,0,0,Matches
611,Paolo Yrizar,mx MEX,FW,Querétaro,25,1997,0.2,0,0,0,,0,0,,,0,0,Matches
612,Diego Zago,mx MEX,MF,Puebla,21,2002,1,0,2,0,0,1.98,0,0,,0,0,Matches
613,Ángel Zaldívar,mx MEX,FW,FC Juárez,29,1994,7.9,3,18,8,44.4,2.27,1.01,0.11,0.25,1,1,Matches
614,Ángel Zaldívar,mx MEX,FW,Atlético San Luis,29,1994,2.6,2,8,5,62.5,3.08,1.92,0.13,0.2,1,2,Matches
615,Edgar Zaldívar,mx MEX,MF,Atlas,26,1996,10.1,1,11,7,63.6,1.09,0.69,0.09,0.14,0,0,Matches
616,Mauro Zaleta,mx MEX,MF,Cruz Azul,21,2002,0.4,0,1,0,0,2.31,0,0,,0,0,Matches
617,Ángel Zapata,mx MEX,MF,FC Juárez,22,2001,3.3,1,5,1,20,1.5,0.3,0.2,1,0,0,Matches
618,Juan Zapata,co COL,MF,Atlas,23,2000,14.9,4,48,15,31.3,3.22,1.01,0.08,0.27,0,0,Matches
619,Alejandro Zendejas,us USA,MF,América,25,1998,19.6,9,41,21,51.2,2.09,1.07,0.22,0.43,0,0,Matches
620,Alan Zubiri,mx MEX,DF,Cruz Azul,22,2001,1,0,0,0,,0,0,,,0,0,Matches
621,José Zúñiga,co COL,"FW,MF",Tijuana,29,1994,8.1,3,22,8,36.4,2.72,0.99,0.14,0.38,0,0,Matches
622,José Zúñiga,co COL,FW,Querétaro,29,1994,9.5,6,22,11,50,2.31,1.16,0.27,0.55,0,0,Matche
