Standard,,,,,,,,,,,,,,,,,,
Rk,Player,Nation,Pos,Squad,Age,Born,90s,Gls,Sh,SoT,SoT%,Sh/90,SoT/90,G/Sh,G/SoT,PK,PKatt,Matches
1,Mukhamedali Abish,kz KAZ,MF,kz FC Kairat,18-180,2007,0.1,0,1,0,0,8.18,0,0,,0,0,Matches
2,Francesco Acerbi,it ITA,DF,it Inter,38-069,1988,4.3,0,1,0,0,0.23,0,0,,0,0,Matches
3,Joshua Acheampong,eng ENG,DF,eng Chelsea,19-350,2006,2.2,0,1,1,100,0.46,0.46,0,0,0,0,Matches
4,Elias Achouri,tn TUN,MF,dk FC Copenhagen,27-069,1999,4.7,1,5,1,20,1.06,0.21,0.2,1,0,0,Matches
5,Tosin Adarabioyo,eng ENG,DF,eng Chelsea,28-208,1997,2.9,0,0,0,,0,0,,,0,0,Matches
6,Emmanuel Addai,gh GHA,MF,az Qarabağ,24-262,2001,4,1,11,5,45.5,2.78,1.26,0.09,0.2,0,0,Matches
7,Karim Adeyemi,de GER,MF,de Dortmund,24-092,2002,5.3,3,12,5,41.7,2.28,0.95,0.25,0.6,0,0,Matches
8,Simon Adingra,ci CIV,MF,fr Monaco,24-109,2002,1,0,3,1,33.3,3.14,1.05,0,0,0,0,Matches
9,Vasilije Adžić,me MNE,MF,it Juventus,19-343,2006,2.1,0,3,1,33.3,1.41,0.47,0,0,0,0,Matches
10,Nayef Aguerd,ma MAR,DF,fr Marseille,30-021,1996,5,0,1,0,0,0.2,0,0,,0,0,Matches
11,Honest Ahanor,it ITA,DF,it Atalanta,18-056,2008,4.1,0,2,1,50,0.48,0.24,0,0,0,0,Matches
12,Rayan Aït-Nouri,dz ALG,DF,eng Manchester City,24-318,2001,3.8,0,3,2,66.7,0.79,0.53,0,0,0,0,Matches
13,Manuel Akanji,ch SUI,DF,it Inter,30-275,1995,7.9,0,5,2,40,0.63,0.25,0,0,0,0,Matches
14,Nathan Aké,nl NED,DF,eng Manchester City,31-061,1995,2.7,0,2,2,100,0.75,0.75,0,0,0,0,Matches
15,Yunus Akgün,tr TUR,"MF,FW",tr Galatasaray,25-287,2000,5,2,10,5,50,2,1,0.2,0.4,0,0,Matches
16,Ilias Akhomach,ma MAR,MF,es Villarreal,22-004,2004,0.9,0,0,0,,0,0,,,0,0,Matches
17,Maghnes Akliouche,fr FRA,"MF,FW",fr Monaco,24-054,2002,9.2,1,26,11,42.3,2.81,1.19,0.04,0.09,0,1,Matches
18,David Alaba,at AUT,DF,es Real Madrid,33-300,1992,1.3,0,0,0,,0,0,,,0,0,Matches
19,Gerald Alders,nl NED,DF,nl Ajax,20-348,2005,0.5,0,0,0,,0,0,,,0,0,Matches
20,Haitam Aleesami,no NOR,DF,no Bodø/Glimt,34-263,1991,4.4,1,2,1,50,0.46,0.23,0.5,1,0,0,Matches
21,Trent Alexander-Arnold,eng ENG,DF,es Real Madrid,27-195,1998,7,0,4,0,0,0.57,0,0,,0,0,Matches
22,Alisson,br BRA,GK,eng Liverpool,33-200,1992,5.6,0,0,0,,0,0,,,0,0,Matches
23,Max Alleyne,eng ENG,DF,eng Manchester City,20-273,2005,1,0,2,0,0,2,0,0,,0,0,Matches
24,Thiago Almada,ar ARG,MF,es Atlético Madrid,24-359,2001,1.7,0,5,2,40,2.96,1.18,0,0,0,0,Matches
25,Barış Alper Yılmaz,tr TUR,"MF,FW",tr Galatasaray,25-332,2000,10.9,1,14,5,35.7,1.28,0.46,0.07,0.2,0,0,Matches
Rk,Player,Nation,Pos,Squad,Age,Born,90s,Gls,Sh,SoT,SoT%,Sh/90,SoT/90,G/Sh,G/SoT,PK,PKatt,Matches
26,Julián Álvarez,ar ARG,FW,es Atlético Madrid,26-079,2000,12.1,9,39,20,51.3,3.21,1.65,0.18,0.35,2,2,Matches
27,Giuseppe Ambrosino,it ITA,FW,it Napoli,22-222,2003,0.2,0,1,0,0,5.63,0,0,,0,0,Matches
28,Aurele Amenda,ch SUI,DF,de Eintracht Frankfurt,22-263,2003,2.5,0,0,0,,0,0,,,0,0,Matches
29,Michael Amir Murillo,pa PAN,DF,fr Marseille,30-068,1996,4.3,0,2,1,50,0.46,0.23,0,0,0,0,Matches
30,Temirlan Anarbekov,kz KAZ,GK,kz FC Kairat,22-188,2003,6,0,0,0,,0,0,,,0,0,Matches
31,Anderson,br BRA,FW,cy Pafos FC,28-150,1997,4,1,9,2,22.2,2.26,0.5,0.11,0.5,0,0,Matches
32,Leandro Andrade,cv CPV,MF,az Qarabağ,26-208,1999,6.3,3,7,4,57.1,1.11,0.63,0.43,0.75,0,0,Matches
33,Fredrik André Bjørkan,no NOR,DF,no Bodø/Glimt,27-242,1998,10.1,0,2,0,0,0.2,0,0,,0,0,Matches
34,Robert Andrich,de GER,"DF,MF",de Leverkusen,31-210,1994,8.2,1,6,2,33.3,0.73,0.24,0.17,0.5,0,0,Matches
35,Manuel Ángel,es ESP,MF,es Real Madrid,22-036,2004,0.4,0,0,0,,0,0,,,0,0,Matches
36,Andre Annous,eng ENG,FW,eng Arsenal,18-113,2007,0.1,0,0,0,,0,0,,,0,0,Matches
37,Aaron Anselmino,ar ARG,DF,de Dortmund,20-356,2005,1.9,0,2,2,100,1.05,1.05,0,0,0,0,Matches
38,Waldemar Anton,de GER,DF,de Dortmund,29-274,1996,8.3,1,4,2,50,0.48,0.24,0.25,0.5,0,0,Matches
39,Ofri Arad,il ISR,MF,kz FC Kairat,27-221,1998,3.2,1,6,3,50,1.85,0.92,0.17,0.33,0,0,Matches
40,Henrique Araújo,pt POR,FW,pt Benfica,24-091,2002,0.1,0,1,0,0,6.92,0,0,,0,0,Matches
41,Maximiliano Araújo,uy URU,DF,pt Sporting CP,26-064,2000,10.9,2,8,4,50,0.74,0.37,0.25,0.5,0,0,Matches
42,Ronald Araújo,uy URU,DF,es Barcelona,27-044,1999,5,0,6,0,0,1.21,0,0,,0,0,Matches
43,Tomás Araújo,pt POR,DF,pt Benfica,23-339,2002,7.3,0,1,1,100,0.14,0.14,0,0,0,0,Matches
44,Jesús Areso,es ESP,DF,es Athletic Club,26-292,1999,2.9,0,0,0,,0,0,,,0,0,Matches
45,Kepa Arrizabalaga,es ESP,GK,eng Arsenal,31-199,1994,1,0,0,0,,0,0,,,0,0,Matches
46,Arthur,br BRA,MF,de Leverkusen,23-034,2003,4.4,0,0,0,,0,0,,,0,0,Matches
47,Raúl Asencio,es ESP,DF,es Real Madrid,23-066,2003,6.2,0,3,1,33.3,0.49,0.16,0,0,0,0,Matches
48,Pierre-Emerick Aubameyang,ga GAB,FW,fr Marseille,36-306,1989,6.5,3,22,10,45.5,3.36,1.53,0.14,0.3,0,0,Matches
49,Lynnt Audoor,be BEL,MF,be Club Brugge,22-189,2003,0.9,0,0,0,,0,0,,,0,0,Matches
50,Carlos Augusto,br BRA,"MF,DF",it Inter,27-103,1999,4.3,1,8,2,25,1.85,0.46,0.13,0.5,0,0,Matches
Rk,Player,Nation,Pos,Squad,Age,Born,90s,Gls,Sh,SoT,SoT%,Sh/90,SoT/90,G/Sh,G/SoT,PK,PKatt,Matches
51,Sondre Auklend,no NOR,"FW,MF",no Bodø/Glimt,22-314,2003,4.9,0,4,0,0,0.81,0,0,,0,0,Matches
52,Yann Aurel Bisseck,de GER,DF,it Inter,25-142,2000,6.2,0,6,0,0,0.97,0,0,,0,0,Matches
53,Fredrik Aursnes,no NOR,MF,pt Benfica,30-131,1995,9.6,0,11,2,18.2,1.15,0.21,0,0,0,0,Matches
54,Nəriman Axundzadə,az AZE,FW,az Qarabağ,21-362,2004,2,0,2,1,50,1.01,0.5,0,0,0,0,Matches
55,Kaan Ayhan,tr TUR,"DF,MF",tr Galatasaray,31-161,1994,0.5,0,0,0,,0,0,,,0,0,Matches
56,Youri Baas,nl NED,DF,nl Ajax,23-034,2003,7.6,0,1,0,0,0.13,0,0,,0,0,Matches
57,Loïc Bade,fr FRA,DF,de Leverkusen,26-009,2000,6.7,0,5,2,40,0.74,0.3,0,0,0,0,Matches
58,Benoît Badiashile,fr FRA,DF,eng Chelsea,25-025,2001,2.9,0,1,0,0,0.34,0,0,,0,0,Matches
59,Alex Baena,es ESP,MF,es Atlético Madrid,24-274,2001,4.7,0,9,1,11.1,1.93,0.21,0,0,0,0,Matches
60,Ramazan Bagdat,kz KAZ,FW,kz FC Kairat,19-193,2006,0.1,0,0,0,,0,0,,,0,0,Matches
61,Olzhas Baibek,kz KAZ,MF,kz FC Kairat,21-068,2005,1.7,1,1,1,100,0.58,0.58,1,1,0,0,Matches
62,Brando Bailey-Joseph,eng ENG,FW,eng Arsenal,17-200,2008,0.2,0,0,0,,0,0,,,0,0,Matches
63,Esmir Bajraktarevic,ba BIH,MF,nl PSV,21-041,2005,0.8,0,0,0,,0,0,,,0,0,Matches
64,Darryl Bakola,fr FRA,MF,fr Marseille,18-141,2007,0.7,0,1,0,0,1.48,0,0,,0,0,Matches
65,Alejandro Balde,es ESP,DF,es Barcelona,22-184,2003,5.8,0,1,1,100,0.17,0.17,0,0,0,0,Matches
66,Leonardo Balerdi,ar ARG,DF,fr Marseille,27-084,1999,5.5,0,2,0,0,0.36,0,0,,0,0,Matches
67,Folarin Balogun,us USA,FW,fr Monaco,24-291,2001,8.9,5,27,12,44.4,3.02,1.34,0.19,0.42,0,0,Matches
68,Aladji Bamba,fr FRA,MF,fr Monaco,19-280,2006,1.8,0,0,0,,0,0,,,0,0,Matches
69,Bradley Barcola,fr FRA,FW,fr Paris Saint-Germain,23-230,2002,10,2,23,10,43.5,2.31,1,0.09,0.2,0,1,Matches
70,Abdülkerim Bardakcı,tr TUR,DF,tr Galatasaray,31-225,1994,10.7,0,6,2,33.3,0.56,0.19,0,0,0,0,Matches
71,Roony Bardghji,se SWE,MF,es Barcelona,20-156,2005,1,0,4,1,25,4.09,1.02,0,0,0,0,Matches
72,Nicolò Barella,it ITA,MF,it Inter,29-072,1997,6.6,0,7,1,14.3,1.06,0.15,0,0,0,0,Matches
73,Harvey Barnes,eng ENG,"FW,MF",eng Newcastle United,28-132,1997,9,6,29,19,65.5,3.23,2.12,0.21,0.32,0,0,Matches
74,Leandro Barreiro Martins,lu LUX,MF,pt Benfica,26-107,2000,7,2,9,4,44.4,1.28,0.57,0.22,0.5,0,0,Matches
75,Enzo Barrenechea,ar ARG,MF,pt Benfica,24-333,2001,6.4,1,6,2,33.3,0.94,0.31,0.17,0.5,0,0,Matches
Rk,Player,Nation,Pos,Squad,Age,Born,90s,Gls,Sh,SoT,SoT%,Sh/90,SoT/90,G/Sh,G/SoT,PK,PKatt,Matches
76,Pablo Barrios,es ESP,MF,es Atlético Madrid,22-309,2003,7.5,0,8,2,25,1.06,0.27,0,0,0,0,Matches
77,Daniel Bassi,no NOR,FW,no Bodø/Glimt,21-171,2004,1.1,1,2,2,100,1.75,1.75,0.5,0.5,0,0,Matches
78,Mons Bassouamina,cg CGO,"FW,MF",cy Pafos FC,27-327,1998,1.3,0,3,1,33.3,2.37,0.79,0,0,0,0,Matches
79,Alessandro Bastoni,it ITA,DF,it Inter,27-007,1999,7.7,1,3,1,33.3,0.39,0.13,0.33,1,0,0,Matches
80,Michy Batshuayi,be BEL,FW,de Eintracht Frankfurt,32-200,1993,0.3,0,0,0,,0,0,,,0,0,Matches
81,Toral Bayramov,az AZE,DF,az Qarabağ,25-056,2001,1.5,0,0,0,,0,0,,,0,0,Matches
82,Maximilian Beier,de GER,MF,de Dortmund,23-185,2002,5.8,1,14,4,28.6,2.41,0.69,0.07,0.25,0,0,Matches
83,Raoul Bellanova,it ITA,MF,it Atalanta,25-338,2000,5.3,0,4,2,50,0.75,0.37,0,0,0,0,Matches
84,Jobe Bellingham,eng ENG,MF,de Dortmund,20-209,2005,7.2,0,6,1,16.7,0.84,0.14,0,0,0,0,Matches
85,Jude Bellingham,eng ENG,MF,es Real Madrid,22-295,2003,6.8,2,17,4,23.5,2.51,0.59,0.12,0.5,0,0,Matches
86,Jeanuël Belocian,fr FRA,DF,de Leverkusen,21-062,2005,1.4,0,0,0,,0,0,,,0,0,Matches
87,Eliesse Ben Seghir,ma MAR,MF,de Leverkusen,21-063,2005,1.3,0,4,0,0,3.16,0,0,,0,0,Matches
88,Ramy Bensebaini,dz ALG,"DF,MF",de Dortmund,31-004,1995,8.5,2,3,2,66.7,0.35,0.23,0,0,2,2,Matches
89,Rodrigo Bentancur,uy URU,MF,eng Tottenham Hotspur,28-299,1997,4.6,0,3,0,0,0.66,0,0,,0,0,Matches
90,Lucas Beraldo,br BRA,DF,fr Paris Saint-Germain,22-147,2003,0.1,0,0,0,,0,0,,,0,0,Matches
91,Yuri Berchiche,es ESP,DF,es Athletic Club,36-069,1990,3.3,0,2,0,0,0.61,0,0,,0,0,Matches
92,Álex Berenguer,es ESP,MF,es Athletic Club,30-290,1995,4.7,0,9,0,0,1.92,0,0,,0,0,Matches
93,Patrick Berg,no NOR,MF,no Bodø/Glimt,28-147,1997,12.3,0,16,6,37.5,1.3,0.49,0,0,0,0,Matches
94,Steven Berghuis,nl NED,FW,nl Ajax,34-122,1991,0.5,0,1,0,0,2,0,0,,0,0,Matches
95,Lucas Bergvall,se SWE,MF,eng Tottenham Hotspur,20-077,2006,4.2,0,3,0,0,0.72,0,0,,0,0,Matches
96,Marc Bernal,es ESP,MF,es Barcelona,18-329,2007,2.7,1,2,2,100,0.74,0.74,0.5,0.5,0,0,Matches
97,Lorenzo Bernasconi,it ITA,"MF,DF",it Atalanta,22-155,2003,9.4,0,4,0,0,0.43,0,0,,0,0,Matches
98,Sam Beukema,nl NED,DF,it Napoli,27-154,1998,3.9,0,1,1,100,0.25,0.25,0,0,0,0,Matches
99,Giulian Biancone,fr FRA,DF,gr Olympiacos,26-020,2000,2.9,0,2,0,0,0.68,0,0,,0,0,Matches
100,Pedro Bicalho,br BRA,MF,az Qarabağ,24-362,2001,9.6,0,7,1,14.3,0.73,0.1,0,0,0,0,Matches
Rk,Player,Nation,Pos,Squad,Age,Born,90s,Gls,Sh,SoT,SoT%,Sh/90,SoT/90,G/Sh,G/SoT,PK,PKatt,Matches
101,Mika Biereth,dk DEN,FW,fr Monaco,23-071,2003,1.4,0,2,1,50,1.4,0.7,0,0,0,0,Matches
102,Mansur Birkurmanov,kz KAZ,MF,kz FC Kairat,19-016,2007,0.2,0,2,0,0,12,0,0,,0,0,Matches
103,Tom Bischof,de GER,DF,de Bayern Munich,20-296,2005,4,0,6,1,16.7,1.5,0.25,0,0,0,0,Matches
104,Odin Bjørtuft,no NOR,DF,no Bodø/Glimt,27-122,1998,12.3,0,4,1,25,0.32,0.08,0,0,0,0,Matches
105,Janis Blaswich,de GER,GK,de Leverkusen,34-353,1991,6,0,0,0,,0,0,,,0,0,Matches
106,Salvador Blopa,pt POR,DF,pt Sporting CP,18-311,2007,0.2,0,1,1,100,5.63,5.63,0,0,0,0,Matches
107,Myron Boadu,nl NED,FW,nl PSV,25-096,2001,0.1,0,1,0,0,6.92,0,0,,0,0,Matches
108,Oscar Bobb,no NOR,FW,eng Manchester City,22-282,2003,0.8,0,0,0,,0,0,,,0,0,Matches
109,Sacha Boey,fr FRA,DF,tr Galatasaray,25-219,2000,1.3,1,2,1,50,1.51,0.76,0.5,1,0,0,Matches
110,Sacha Boey,fr FRA,DF,de Bayern Munich,25-219,2000,0.8,0,1,0,0,1.23,0,0,,0,0,Matches
111,Jeremie Boga,ci CIV,"FW,MF",it Juventus,29-107,1997,0.6,0,3,0,0,5,0,0,,0,0,Matches
112,Adama Boiro,es ESP,"DF,MF",es Athletic Club,23-302,2002,5.2,0,3,0,0,0.57,0,0,,0,0,Matches
113,Dani Bolt,br BRA,"MF,DF",az Qarabağ,26-306,1999,2.5,0,2,0,0,0.79,0,0,,0,0,Matches
114,Ruben van Bommel,nl NED,MF,nl PSV,21-260,2004,1,1,2,1,50,2,1,0.5,1,0,0,Matches
115,Ange-Yoan Bonny,fr FRA,FW,it Inter,22-177,2003,3.2,0,2,1,50,0.63,0.31,0,0,0,0,Matches
116,Kady Borges,br BRA,MF,az Qarabağ,29-353,1996,3.7,0,3,1,33.3,0.81,0.27,0,0,0,0,Matches
117,Jan Bořil,cz CZE,DF,cz Slavia Prague,35-099,1991,1.4,0,0,0,,0,0,,,0,0,Matches
118,Sven Botman,nl NED,DF,eng Newcastle United,26-098,2000,6.1,1,6,4,66.7,0.99,0.66,0.17,0.25,0,0,Matches
119,Sofiane Boufal,ma MAR,"FW,MF",be Union SG,32-215,1993,0.9,0,3,3,100,3.25,3.25,0,0,0,0,Matches
120,Rayane Bounida,be BEL,MF,nl Ajax,20-048,2006,1.5,0,4,2,50,2.67,1.33,0,0,0,0,Matches
121,Aaron Bouwman,nl NED,DF,nl Ajax,18-235,2007,2,0,0,0,,0,0,,,0,0,Matches
122,Conor Bradley,nir NIR,DF,eng Liverpool,22-285,2003,2.7,0,4,3,75,1.46,1.09,0,0,0,0,Matches
123,Daniel Bragança,pt POR,MF,pt Sporting CP,26-328,1999,1.9,0,2,0,0,1.06,0,0,,0,0,Matches
124,Julian Brandt,de GER,MF,de Dortmund,29-353,1996,5,3,7,5,71.4,1.4,1,0.43,0.6,0,0,Matches
125,Gleison Bremer,br BRA,DF,it Juventus,29-033,1997,3.4,0,1,0,0,0.3,0,0,,0,0,Matches
Rk,Player,Nation,Pos,Squad,Age,Born,90s,Gls,Sh,SoT,SoT%,Sh/90,SoT/90,G/Sh,G/SoT,PK,PKatt,Matches
126,Marco Brescianini,it ITA,MF,it Atalanta,26-090,2000,0.2,0,1,0,0,4.74,0,0,,0,0,Matches
127,Nathaniel Brown,de GER,"MF,DF",de Eintracht Frankfurt,22-308,2003,7.6,0,2,0,0,0.26,0,0,,0,0,Matches
128,Sondre Brunstad Fet,no NOR,MF,no Bodø/Glimt,29-093,1997,9.9,4,18,9,50,1.82,0.91,0.11,0.22,2,2,Matches
129,Tajon Buchanan,ca CAN,"MF,FW",es Villarreal,27-071,1999,4.7,0,9,1,11.1,1.9,0.21,0,0,0,0,Matches
130,Daniel Budesca,es ESP,DF,es Villarreal,19-328,2006,0.2,0,0,0,,0,0,,,0,0,Matches
131,Facundo Buonanotte,ar ARG,MF,eng Chelsea,21-118,2004,1.8,0,3,1,33.3,1.66,0.55,0,0,0,0,Matches
132,Alessandro Buongiorno,it ITA,DF,it Napoli,26-318,1999,6.6,0,5,2,40,0.75,0.3,0,0,0,0,Matches
133,Christian Burgess,eng ENG,DF,be Union SG,34-195,1991,8,0,2,1,50,0.25,0.12,0,0,0,0,Matches
134,Jonathan Burkardt,de GER,FW,de Eintracht Frankfurt,25-283,2000,3.8,3,7,3,42.9,1.85,0.79,0.43,1,0,0,Matches
135,Dan Burn,eng ENG,DF,eng Newcastle United,33-346,1992,10.7,1,11,8,72.7,1.03,0.75,0.09,0.13,0,0,Matches
136,Aurélio Buta,pt POR,MF,de Eintracht Frankfurt,29-069,1997,1.1,0,1,1,100,0.87,0.87,0,0,0,0,Matches
137,Jun'ai Byfield,eng ENG,DF,eng Tottenham Hotspur,17-135,2008,0.3,0,0,0,,0,0,,,0,0,Matches
138,Pape Cabral,fr FRA,MF,fr Monaco,19-090,2007,0.4,0,1,0,0,2.5,0,0,,0,0,Matches
139,Sidny Cabral,cv CPV,"DF,MF",pt Benfica,23-214,2002,0.1,0,2,0,0,15,0,0,,0,0,Matches
140,Elvin Cafarguliyev,az AZE,DF,az Qarabağ,25-176,2000,9,2,7,2,28.6,0.77,0.22,0.29,1,0,0,Matches
141,Moisés Caicedo,ec ECU,"MF,DF",eng Chelsea,24-169,2001,9.5,1,9,5,55.6,0.95,0.53,0.11,0.2,0,0,Matches
142,Uğurcan Çakır,tr TUR,GK,tr Galatasaray,30-015,1996,12.1,0,0,0,,0,0,,,0,0,Matches
143,Riccardo Calafiori,it ITA,DF,eng Arsenal,23-336,2002,3.1,0,3,1,33.3,0.98,0.33,0,0,0,0,Matches
144,Hakan Çalhanoğlu,tr TUR,MF,it Inter,32-071,1994,3.7,1,8,3,37.5,2.15,0.81,0,0,1,1,Matches
145,Lamine Camara,sn SEN,MF,fr Monaco,22-109,2004,5.7,0,4,1,25,0.7,0.18,0,0,0,0,Matches
146,Eduardo Camavinga,fr FRA,"MF,DF",es Real Madrid,23-161,2002,5.3,1,3,2,66.7,0.56,0.38,0.33,0.5,0,0,Matches
147,Andrea Cambiaso,it ITA,"MF,DF",it Juventus,26-059,2000,7.1,0,6,0,0,0.85,0,0,,0,0,Matches
148,Shandre Campbell,za RSA,MF,be Club Brugge,20-279,2005,0.3,0,2,0,0,6.92,0,0,,0,0,Matches
149,Emre Can,de GER,DF,de Dortmund,32-098,1994,3,0,0,0,,0,0,,,0,0,Matches
150,João Cancelo,pt POR,DF,es Barcelona,31-328,1994,3.6,0,3,1,33.3,0.82,0.27,0,0,0,0,Matches
Rk,Player,Nation,Pos,Squad,Age,Born,90s,Gls,Sh,SoT,SoT%,Sh/90,SoT/90,G/Sh,G/SoT,PK,PKatt,Matches
151,Sergi Cardona,es ESP,DF,es Villarreal,26-286,1999,5.3,0,4,2,50,0.76,0.38,0,0,0,0,Matches
152,Johnny Cardoso,us USA,MF,es Atlético Madrid,24-212,2001,4.3,1,3,1,33.3,0.7,0.23,0.33,1,0,0,Matches
153,Marco Carnesecchi,it ITA,GK,it Atalanta,25-293,2000,10,0,0,0,,0,0,,,0,0,Matches
154,Álvaro Carreras,es ESP,DF,es Real Madrid,23-028,2003,8.8,0,3,0,0,0.34,0,0,,0,0,Matches
155,Dani Carvajal,es ESP,DF,es Real Madrid,34-099,1992,1.1,0,2,0,0,1.82,0,0,,0,0,Matches
156,Marc Casado,es ESP,MF,es Barcelona,22-218,2003,2.2,0,0,0,,0,0,,,0,0,Matches
157,Geny Catamo,mz MOZ,MF,pt Sporting CP,25-084,2001,8.5,1,23,8,34.8,2.69,0.94,0.04,0.13,0,0,Matches
158,Dani Ceballos,es ESP,MF,es Real Madrid,29-256,1996,2.7,0,0,0,,0,0,,,0,0,Matches
159,Jorge Cestero,es ESP,MF,es Real Madrid,20-027,2006,0.1,0,0,0,,0,0,,,0,0,Matches
160,Fares Chaïbi,dz ALG,MF,de Eintracht Frankfurt,23-143,2002,5.6,1,11,4,36.4,1.98,0.72,0,0,1,1,Matches
161,Trevoh Chalobah,eng ENG,DF,eng Chelsea,26-289,1999,6.4,0,1,0,0,0.16,0,0,,0,0,Matches
162,Štěpán Chaloupek,cz CZE,"DF,MF",cz Slavia Prague,23-043,2003,6.2,1,3,1,33.3,0.48,0.16,0.33,1,0,0,Matches
163,Muhammed Cham,at AUT,MF,cz Slavia Prague,25-206,2000,1.7,0,5,2,40,2.96,1.18,0,0,0,0,Matches
164,Rayan Cherki,fr FRA,"MF,FW",eng Manchester City,22-246,2003,4.4,3,15,9,60,3.41,2.05,0.2,0.33,0,0,Matches
165,Lucas Chevalier,fr FRA,GK,fr Paris Saint-Germain,24-165,2001,6,0,0,0,,0,0,,,0,0,Matches
166,Federico Chiesa,it ITA,"FW,MF",eng Liverpool,28-177,1997,0.9,1,7,2,28.6,7.68,2.2,0.14,0.5,0,0,Matches
167,Chiquinho,pt POR,MF,gr Olympiacos,30-275,1995,6.2,1,16,6,37.5,2.58,0.97,0.06,0.17,0,0,Matches
168,Tomáš Chorý,cz CZE,FW,cz Slavia Prague,31-084,1995,5,0,14,4,28.6,2.81,0.8,0,0,0,0,Matches
169,Chriso,ci CIV,MF,az Qarabağ,26-126,1999,0,0,0,0,,0,0,,,0,0,Matches
170,Andreas Christensen,dk DEN,"DF,MF",es Barcelona,30-010,1996,0.6,0,1,0,0,1.58,0,0,,0,0,Matches
171,Carney Chukwuemeka,at AUT,MF,de Dortmund,22-182,2003,2.5,1,5,1,20,1.98,0.4,0.2,1,0,0,Matches
172,Mojmír Chytil,cz CZE,FW,cz Slavia Prague,26-356,1999,1.6,0,4,2,50,2.45,1.22,0,0,0,0,Matches
173,Viktor Claesson,se SWE,"MF,FW",dk FC Copenhagen,34-108,1992,3.6,0,4,3,75,1.12,0.84,0,0,0,0,Matches
174,Clayton,br BRA,FW,gr Olympiacos,27-099,1999,0,0,0,0,,0,0,,,0,0,Matches
175,William Clem,dk DEN,MF,dk FC Copenhagen,21-304,2004,4.4,0,3,0,0,0.68,0,0,,0,0,Matches
Rk,Player,Nation,Pos,Squad,Age,Born,90s,Gls,Sh,SoT,SoT%,Sh/90,SoT/90,G/Sh,G/SoT,PK,PKatt,Matches
176,Nnamdi Collins,de GER,DF,de Eintracht Frankfurt,22-100,2004,4.9,0,0,0,,0,0,,,0,0,Matches
177,Santi Comesaña,es ESP,MF,es Villarreal,29-197,1996,6.7,1,9,3,33.3,1.35,0.45,0.11,0.33,0,0,Matches
178,Francisco Conceição,pt POR,"MF,FW",it Juventus,23-127,2002,5.5,1,17,6,35.3,3.08,1.09,0.06,0.17,0,0,Matches
179,Andreas Cornelius,dk DEN,FW,dk FC Copenhagen,33-035,1993,1.1,1,1,1,100,0.89,0.89,1,1,0,0,Matches
180,João Pedro Araújo Correia,cv CPV,"MF,DF",cy Pafos FC,29-227,1996,1.9,0,2,1,50,1.08,0.54,0,0,0,0,Matches
181,Jorginho Costa,pt POR,"MF,FW",kz FC Kairat,28-162,1997,6.5,1,11,2,18.2,1.69,0.31,0,0,1,1,Matches
182,Costinha,pt POR,DF,gr Olympiacos,26-025,2000,4.6,1,6,2,33.3,1.3,0.43,0.17,0.5,0,0,Matches
183,Mamadou Coulibaly,fr FRA,MF,fr Monaco,21-364,2004,5.7,0,4,1,25,0.7,0.17,0,0,0,0,Matches
184,Thibaut Courtois,be BEL,GK,es Real Madrid,33-344,1992,10.5,0,0,0,,0,0,,,0,0,Matches
185,Yan Couto,br BRA,MF,de Dortmund,23-321,2002,4.6,1,3,1,33.3,0.65,0.22,0.33,1,0,0,Matches
186,Pau Cubarsí,es ESP,DF,es Barcelona,19-088,2007,8.2,0,2,1,50,0.24,0.12,0,0,0,0,Matches
187,Marc Cucurella,es ESP,DF,eng Chelsea,27-272,1998,8,0,1,0,0,0.12,0,0,,0,0,Matches
188,Montrell Culbreath,de GER,FW,de Leverkusen,18-234,2007,0.7,0,0,0,,0,0,,,0,0,Matches
189,Viktor Dadason,is ISL,FW,dk FC Copenhagen,17-294,2008,3.4,3,6,5,83.3,1.75,1.46,0.5,0.6,0,0,Matches
190,Samuel Dahl,se SWE,DF,pt Benfica,23-047,2003,8.8,1,3,1,33.3,0.34,0.11,0.33,1,0,0,Matches
191,Mahmoud Dahoud,de GER,MF,de Eintracht Frankfurt,30-109,1996,1.2,0,0,0,,0,0,,,0,0,Matches
192,Kevin Danso,at AUT,DF,eng Tottenham Hotspur,27-213,1998,5.3,0,1,0,0,0.19,0,0,,0,0,Matches
193,Matteo Darmian,it ITA,MF,it Inter,36-139,1989,1,0,2,1,50,2.02,1.01,0,0,0,0,Matches
194,Juan David Cabal,co COL,MF,it Juventus,25-102,2001,1.7,0,1,0,0,0.58,0,0,,0,0,Matches
195,Jonathan David,ca CAN,"FW,MF",it Juventus,26-096,2000,4.4,2,11,4,36.4,2.51,0.91,0.18,0.5,0,0,Matches
196,Promise David,ca CAN,FW,be Union SG,24-291,2001,4.1,2,16,8,50,3.91,1.96,0.06,0.13,1,1,Matches
197,Alphonso Davies,ca CAN,"DF,FW",de Bayern Munich,25-169,2000,1.6,0,1,0,0,0.61,0,0,,0,0,Matches
198,Ben Davies,wls WAL,"DF,MF",eng Tottenham Hotspur,32-361,1993,0.3,0,0,0,,0,0,,,0,0,Matches
199,Kevin De Bruyne,be BEL,MF,it Napoli,34-296,1991,2.1,0,3,0,0,1.44,0,0,,0,0,Matches
200,Charles De Ketelaere,be BEL,"MF,FW",it Atalanta,25-041,2001,6.5,2,11,5,45.5,1.7,0.77,0.18,0.4,0,1,Matches
Rk,Player,Nation,Pos,Squad,Age,Born,90s,Gls,Sh,SoT,SoT%,Sh/90,SoT/90,G/Sh,G/SoT,PK,PKatt,Matches
201,Kamiel Van De Perre,be BEL,MF,be Union SG,22-067,2004,6.6,0,2,0,0,0.3,0,0,,0,0,Matches
202,Zeno Debast,be BEL,DF,pt Sporting CP,22-178,2003,2,0,4,1,25,1.99,0.5,0,0,0,0,Matches
203,Amar Dedić,ba BIH,DF,pt Benfica,23-245,2002,8.9,0,6,3,50,0.67,0.34,0,0,0,0,Matches
204,Thomas Delaney,dk DEN,MF,dk FC Copenhagen,34-229,1991,1.9,0,0,0,,0,0,,,0,0,Matches
205,Liam Delap,eng ENG,FW,eng Chelsea,23-071,2003,2.1,1,9,4,44.4,4.35,1.94,0.11,0.25,0,0,Matches
206,Ousmane Dembélé,fr FRA,FW,fr Paris Saint-Germain,28-340,1997,6.4,4,24,10,41.7,3.72,1.55,0.17,0.4,0,1,Matches
207,Dani van den Heuvel,nl NED,GK,be Club Brugge,22-327,2003,1,0,0,0,,0,0,,,0,0,Matches
208,Sergiño Dest,us USA,DF,nl PSV,25-168,2000,5.1,0,3,1,33.3,0.59,0.2,0,0,0,0,Matches
209,Michele Di Gregorio,it ITA,GK,it Juventus,28-267,1997,6,0,0,0,,0,0,,,0,0,Matches
210,Giovanni Di Lorenzo,it ITA,"DF,MF",it Napoli,32-259,1993,6.2,0,9,1,11.1,1.45,0.16,0,0,0,0,Matches
211,Mamadou Diakhon,sn SEN,MF,be Club Brugge,20-210,2005,3.8,2,9,3,33.3,2.37,0.79,0.22,0.67,0,0,Matches
212,Rúben Dias,pt POR,DF,eng Manchester City,28-341,1997,5.6,0,3,0,0,0.53,0,0,,0,0,Matches
213,Alassane Diatta,sn SEN,MF,es Villarreal,20-341,2005,0.7,0,0,0,,0,0,,,0,0,Matches
214,Krépin Diatta,sn SEN,MF,fr Monaco,27-054,1999,2,0,0,0,,0,0,,,0,0,Matches
215,Brahim Díaz,ma MAR,"FW,MF",es Real Madrid,26-260,1999,4.6,1,11,9,81.8,2.38,1.95,0.09,0.11,0,0,Matches
216,Luis Díaz,co COL,MF,de Bayern Munich,29-097,1997,8.9,6,29,13,44.8,3.27,1.47,0.21,0.46,0,0,Matches
217,Ole Didrik Blomberg,no NOR,"FW,MF",no Bodø/Glimt,25-312,2000,7,2,5,3,60,0.71,0.43,0.4,0.67,0,0,Matches
218,Eric Dier,eng ENG,DF,fr Monaco,32-095,1994,3,1,3,1,33.3,1,0.33,0,0,1,1,Matches
219,Marvin Dills,us USA,MF,de Eintracht Frankfurt,18-360,2007,0.1,0,0,0,,0,0,,,0,0,Matches
220,Federico Dimarco,it ITA,MF,it Inter,28-161,1997,7.9,1,25,10,40,3.16,1.27,0.04,0.1,0,0,Matches
221,Landry Dimata,be BEL,FW,cy Pafos FC,28-231,1997,1.3,0,2,1,50,1.57,0.78,0,0,0,0,Matches
222,Ousmane Diomande,ci CIV,DF,pt Sporting CP,22-137,2003,6.8,1,3,1,33.3,0.44,0.15,0.33,1,0,0,Matches
223,Andy Diouf,fr FRA,MF,it Inter,22-338,2003,0.5,1,1,1,100,2.09,2.09,1,1,0,0,Matches
224,Berat Djimsiti,al ALB,DF,it Atalanta,33-060,1993,7.8,0,2,1,50,0.26,0.13,0,0,0,0,Matches
225,Ritsu Doan,jp JPN,"MF,FW",de Eintracht Frankfurt,27-308,1998,5.3,0,4,1,25,0.76,0.19,0,0,0,0,Matches
Rk,Player,Nation,Pos,Squad,Age,Born,90s,Gls,Sh,SoT,SoT%,Sh/90,SoT/90,G/Sh,G/SoT,PK,PKatt,Matches
226,Jeremy Doku,be BEL,"MF,FW",eng Manchester City,23-328,2002,6.9,1,11,3,27.3,1.58,0.43,0.09,0.33,0,0,Matches
227,Kasper Dolberg,dk DEN,FW,nl Ajax,28-196,1997,2.9,2,11,4,36.4,3.84,1.4,0.09,0.25,1,1,Matches
228,Gianluigi Donnarumma,it ITA,GK,eng Manchester City,27-054,1999,9,0,0,0,,0,0,,,0,0,Matches
229,Oscar Dorley,lr LBR,"MF,DF",cz Slavia Prague,27-275,1998,5,0,5,1,20,1,0.2,0,0,0,0,Matches
230,David Doudera,cz CZE,"MF,DF",cz Slavia Prague,27-324,1998,4.9,0,4,2,50,0.82,0.41,0,0,0,0,Matches
231,Désiré Doué,fr FRA,FW,fr Paris Saint-Germain,20-321,2005,6.7,5,19,8,42.1,2.83,1.19,0.26,0.63,0,0,Matches
232,Max Dowman,eng ENG,MF,eng Arsenal,16-110,2009,0.7,0,0,0,,0,0,,,0,0,Matches
233,Vlad Dragomir,ro ROU,"MF,FW",cy Pafos FC,26-361,1999,7.4,1,8,7,87.5,1.09,0.95,0.13,0.14,0,0,Matches
234,Radu Drăgușin,ro ROU,DF,eng Tottenham Hotspur,24-076,2002,0.7,0,1,1,100,1.38,1.38,0,0,0,0,Matches
235,Couhaib Driouech,ma MAR,MF,nl PSV,24-003,2002,2.2,3,9,4,44.4,4.11,1.83,0.33,0.75,0,0,Matches
236,Denzel Dumfries,nl NED,MF,it Inter,30-002,1996,3.8,2,7,2,28.6,1.85,0.53,0.29,1,0,0,Matches
237,Claudio Echeverri,ar ARG,MF,de Leverkusen,20-108,2006,1.6,0,2,1,50,1.27,0.63,0,0,0,0,Matches
238,Éderson,br BRA,MF,it Atalanta,26-287,1999,8,1,8,2,25,1,0.25,0.13,0.5,0,0,Matches
239,Oliver Edvardsen,no NOR,FW,nl Ajax,27-032,1999,1.8,1,4,2,50,2.2,1.1,0.25,0.5,0,0,Matches
240,CJ Egan-Riley,eng ENG,DF,fr Marseille,23-108,2003,1.5,0,0,0,,0,0,,,0,0,Matches
241,Hugo Ekitike,fr FRA,FW,eng Liverpool,23-304,2002,9.2,3,36,12,33.3,3.9,1.3,0.08,0.25,0,0,Matches
242,Anthony Elanga,se SWE,"FW,MF",eng Newcastle United,23-358,2002,5.3,2,11,5,45.5,2.08,0.94,0.18,0.4,0,0,Matches
243,Eren Elmalı,tr TUR,DF,tr Galatasaray,25-287,2000,3.1,0,3,0,0,0.97,0,0,,0,0,Matches
244,Elif Elmas,mk MKD,"MF,FW",it Napoli,26-208,1999,4.2,0,4,2,50,0.96,0.48,0,0,0,0,Matches
245,Mohamed Elyounoussi,no NOR,"MF,FW",dk FC Copenhagen,31-259,1994,5.9,1,9,3,33.3,1.53,0.51,0.11,0.33,0,0,Matches
246,Mads Emil Madsen,dk DEN,MF,dk FC Copenhagen,28-096,1998,3.1,0,2,2,100,0.65,0.65,0,0,0,0,Matches
247,Wataru Endo,jp JPN,"DF,MF",eng Liverpool,33-070,1993,1,0,1,1,100,1.03,1.03,0,0,0,0,Matches
248,Endrick,br BRA,FW,es Real Madrid,19-273,2006,0.1,0,2,0,0,15,0,0,,0,0,Matches
249,Xavi Espart,es ESP,MF,es Barcelona,18-334,2007,0.3,0,0,0,,0,0,,,0,0,Matches
250,Francesco Esposito,it ITA,FW,it Inter,20-296,2005,5.8,2,25,5,20,4.33,0.87,0.08,0.4,0,0,Matches
Rk,Player,Nation,Pos,Squad,Age,Born,90s,Gls,Sh,SoT,SoT%,Sh/90,SoT/90,G/Sh,G/SoT,PK,PKatt,Matches
251,Håkon Evjen,no NOR,MF,no Bodø/Glimt,26-065,2000,11.4,1,14,8,57.1,1.23,0.7,0.07,0.13,0,0,Matches
252,Eberechi Eze,eng ENG,"MF,FW",eng Arsenal,27-295,1998,7.2,1,14,2,14.3,1.95,0.28,0.07,0.5,0,0,Matches
253,Wout Faes,be BEL,DF,fr Monaco,28-017,1998,2,0,3,0,0,1.5,0,0,,0,0,Matches
254,Ansu Fati,es ESP,MF,fr Monaco,23-171,2002,2.6,1,7,2,28.6,2.69,0.77,0.14,0.5,0,0,Matches
255,Souleymane Faye,sn SEN,FW,pt Sporting CP,23-071,2003,0.4,0,0,0,,0,0,,,0,0,Matches
256,Dro Fernández,es ESP,MF,es Barcelona,18-098,2008,0.6,0,0,0,,0,0,,,0,0,Matches
257,Dro Fernández,es ESP,MF,fr Paris Saint-Germain,18-098,2008,0,0,0,0,,0,0,,,0,0,Matches
258,Enzo Fernández,ar ARG,MF,eng Chelsea,25-093,2001,8.3,3,18,5,27.8,2.18,0.6,0.06,0.2,2,2,Matches
259,Ezequiél Fernández,ar ARG,MF,de Leverkusen,23-269,2002,4.9,0,1,0,0,0.21,0,0,,0,0,Matches
260,Noah Fernandez,be BEL,MF,nl PSV,18-101,2008,0.5,0,0,0,,0,0,,,0,0,Matches
261,Edimilson Filho,br BRA,FW,kz FC Kairat,29-001,1997,4.5,1,8,4,50,1.76,0.88,0.13,0.25,0,0,Matches
262,Kian Fitz-Jim,nl NED,MF,nl Ajax,22-289,2003,0.6,0,1,0,0,1.55,0,0,,0,0,Matches
263,Ryan Flamingo,nl NED,DF,nl PSV,23-110,2002,2.5,0,1,0,0,0.4,0,0,,0,0,Matches
264,Mark Flekken,nl NED,GK,de Leverkusen,32-311,1993,6,0,0,0,,0,0,,,0,0,Matches
265,Raul Florucz,at AUT,"MF,FW",be Union SG,24-314,2001,3.2,0,7,3,42.9,2.22,0.95,0,0,0,0,Matches
266,Phil Foden,eng ENG,"MF,FW",eng Manchester City,25-327,2000,5.6,2,15,6,40,2.66,1.07,0.13,0.33,0,0,Matches
267,Wesley Fofana,fr FRA,DF,eng Chelsea,25-124,2000,5.3,0,2,0,0,0.37,0,0,,0,0,Matches
268,Carlos Forbs,pt POR,MF,be Club Brugge,22-032,2004,7.4,2,13,6,46.2,1.75,0.81,0.15,0.33,0,0,Matches
269,Juan Foyth,ar ARG,DF,es Villarreal,28-098,1998,3.6,0,4,0,0,1.12,0,0,,0,0,Matches
270,Davide Frattesi,it ITA,MF,it Inter,26-180,1999,3.3,0,9,4,44.4,2.71,1.2,0,0,0,0,Matches
271,Tiago Freitas,pt POR,MF,pt Benfica,19-246,2006,0,0,0,0,,0,0,,,0,0,Matches
272,Iván Fresneda,es ESP,DF,pt Sporting CP,21-204,2004,10.2,0,4,1,25,0.39,0.1,0,0,0,0,Matches
273,Jeremie Frimpong,nl NED,"DF,MF",eng Liverpool,25-131,2000,5.1,0,2,1,50,0.39,0.2,0,0,0,0,Matches
274,Kaye Furo,be BEL,FW,be Club Brugge,19-073,2007,0.3,0,1,1,100,3.75,3.75,0,0,0,0,Matches
275,Mohammed Fuseini,gh GHA,FW,be Union SG,23-339,2002,0.6,0,1,0,0,1.55,0,0,,0,0,Matches
Rk,Player,Nation,Pos,Squad,Age,Born,90s,Gls,Sh,SoT,SoT%,Sh/90,SoT/90,G/Sh,G/SoT,PK,PKatt,Matches
276,Anton Gaaei,dk DEN,DF,nl Ajax,23-152,2002,5.5,1,9,2,22.2,1.64,0.37,0.11,0.5,0,0,Matches
277,Cody Gakpo,nl NED,MF,eng Liverpool,26-348,1999,5.2,2,17,9,52.9,3.25,1.72,0.12,0.22,0,0,Matches
278,Javi Galán,es ESP,DF,es Atlético Madrid,31-152,1994,1,0,0,0,,0,0,,,0,0,Matches
279,Iñigo Ruiz de Galarreta,es ESP,MF,es Athletic Club,32-257,1993,3.5,0,1,0,0,0.28,0,0,,0,0,Matches
280,Conor Gallagher,eng ENG,MF,eng Tottenham Hotspur,26-073,2000,0.6,0,0,0,,0,0,,,0,0,Matches
281,Conor Gallagher,eng ENG,MF,es Atlético Madrid,26-073,2000,3.2,1,4,2,50,1.25,0.63,0.25,0.5,0,0,Matches
282,Munashe Garan'anga,zw ZIM,DF,dk FC Copenhagen,25-092,2001,0.5,0,0,0,,0,0,,,0,0,Matches
283,Aleix García,es ESP,MF,de Leverkusen,28-296,1997,11.2,2,8,3,37.5,0.72,0.27,0.13,0.33,1,1,Matches
284,Dani García,es ESP,MF,gr Olympiacos,35-331,1990,4.8,0,3,0,0,0.63,0,0,,0,0,Matches
285,Eric García,es ESP,"DF,MF",es Barcelona,25-101,2001,8.6,0,6,2,33.3,0.69,0.23,0,0,0,0,Matches
286,Fran Garcia,es ESP,DF,es Real Madrid,26-249,1999,2.8,0,0,0,,0,0,,,0,0,Matches
287,Gonzalo García,es ESP,FW,es Real Madrid,22-027,2004,1.9,0,1,0,0,0.52,0,0,,0,0,Matches
288,Joan García,es ESP,GK,es Barcelona,24-351,2001,8.9,0,0,0,,0,0,,,0,0,Matches
289,Ulisses Garcia,ch SUI,DF,fr Marseille,30-099,1996,1.3,0,1,0,0,0.8,0,0,,0,0,Matches
290,Alejandro Garnacho,ar ARG,"MF,FW",eng Chelsea,21-293,2004,3.7,1,16,8,50,4.35,2.18,0.06,0.13,0,0,Matches
291,Yarek Gasiorowski,es ESP,DF,nl PSV,21-098,2005,6.1,0,1,0,0,0.16,0,0,,0,0,Matches
292,Federico Gatti,it ITA,DF,it Juventus,27-300,1998,5,2,6,4,66.7,1.21,0.81,0.33,0.5,0,0,Matches
293,Gavi,es ESP,MF,es Barcelona,21-258,2004,1.4,0,1,0,0,0.72,0,0,,0,0,Matches
294,Tyrique George,eng ENG,FW,eng Chelsea,20-075,2006,1.8,1,4,2,50,2.26,1.13,0.25,0.5,0,0,Matches
295,Marc Giger,ch SUI,FW,be Union SG,22-024,2004,1.4,0,3,1,33.3,2.16,0.72,0,0,0,0,Matches
296,Billy Gilmour,sct SCO,MF,it Napoli,24-313,2001,1,0,0,0,,0,0,,,0,0,Matches
297,Jamie Gittens,eng ENG,"MF,FW",eng Chelsea,21-255,2004,3.6,0,5,2,40,1.39,0.56,0,0,0,0,Matches
298,Dan Glazer,il ISR,MF,kz FC Kairat,29-212,1996,4,0,2,0,0,0.5,0,0,,0,0,Matches
299,Oscar Gloukh,il ISR,"MF,FW",nl Ajax,22-019,2004,5.4,3,11,4,36.4,2.04,0.74,0.27,0.75,0,0,Matches
300,Serge Gnabry,de GER,MF,de Bayern Munich,30-280,1995,6.2,2,17,7,41.2,2.74,1.13,0.12,0.29,0,0,Matches
Rk,Player,Nation,Pos,Squad,Age,Born,90s,Gls,Sh,SoT,SoT%,Sh/90,SoT/90,G/Sh,G/SoT,PK,PKatt,Matches
301,Mika Godts,be BEL,"MF,FW",nl Ajax,20-317,2005,6.4,0,11,2,18.2,1.71,0.31,0,0,0,0,Matches
302,David Goldar,es ESP,DF,cy Pafos FC,31-217,1994,4.6,0,5,0,0,1.08,0,0,,0,0,Matches
303,Aleksandr Golovin,ru RUS,MF,fr Monaco,29-325,1996,5.4,0,5,2,40,0.92,0.37,0,0,0,0,Matches
304,Angel Gomes,eng ENG,"FW,MF",fr Marseille,25-232,2000,0.8,0,1,0,0,1.32,0,0,,0,0,Matches
305,Joe Gomez,eng ENG,DF,eng Liverpool,28-332,1997,4.2,0,3,0,0,0.72,0,0,,0,0,Matches
306,Unai Gómez,es ESP,"MF,FW",es Athletic Club,22-330,2003,3.7,0,6,2,33.3,1.63,0.54,0,0,0,0,Matches
307,Pedro Gonçalves,pt POR,MF,pt Sporting CP,27-296,1998,5.9,1,14,6,42.9,2.39,1.02,0.07,0.17,0,0,Matches
308,Nicolás González,es ESP,MF,eng Manchester City,24-107,2002,4.6,0,5,0,0,1.09,0,0,,0,0,Matches
309,Nicolás González,ar ARG,MF,es Atlético Madrid,28-014,1998,4.4,0,6,2,33.3,1.36,0.45,0,0,0,0,Matches
310,Anthony Gordon,eng ENG,FW,eng Newcastle United,25-055,2001,8.5,10,26,14,53.8,3.05,1.64,0.19,0.36,5,5,Matches
311,Leon Goretzka,de GER,MF,de Bayern Munich,31-073,1995,2,0,3,0,0,1.5,0,0,,0,0,Matches
312,Andoni Gorosabel,es ESP,"DF,MF",es Athletic Club,29-259,1996,4.9,0,0,0,,0,0,,,0,0,Matches
313,Jay Gorter,nl NED,GK,cy Pafos FC,25-325,2000,2,0,0,0,,0,0,,,0,0,Matches
314,Mario Götze,de GER,"MF,FW",de Eintracht Frankfurt,33-321,1992,4.6,0,2,0,0,0.43,0,0,,0,0,Matches
315,Amine Gouiri,dz ALG,FW,fr Marseille,26-063,2000,1.8,0,3,1,33.3,1.64,0.55,0,0,0,0,Matches
316,Ryan Gravenberch,nl NED,MF,eng Liverpool,23-339,2002,10.7,1,11,4,36.4,1.03,0.38,0.09,0.25,0,0,Matches
317,Archie Gray,eng ENG,"MF,DF",eng Tottenham Hotspur,20-039,2006,6.5,0,5,2,40,0.77,0.31,0,0,0,0,Matches
318,Mason Greenwood,eng ENG,"MF,FW",fr Marseille,24-201,2001,7.4,3,34,16,47.1,4.57,2.15,0.09,0.19,0,0,Matches
319,Antoine Griezmann,fr FRA,"FW,MF",es Atlético Madrid,35-030,1991,7.9,2,18,9,50,2.28,1.14,0.11,0.22,0,0,Matches
320,Álex Grimaldo,es ESP,MF,de Leverkusen,30-212,1995,12,4,20,8,40,1.67,0.67,0.2,0.5,0,1,Matches
321,Valeriy Gromyko,by BLR,"MF,FW",kz FC Kairat,29-087,1997,6,0,13,1,7.7,2.18,0.17,0,0,0,0,Matches
322,Pascal Groß,de GER,"DF,MF",de Dortmund,34-309,1991,0.4,0,0,0,,0,0,,,0,0,Matches
323,Marc Guéhi,eng ENG,DF,eng Manchester City,25-281,2000,1.5,0,1,0,0,0.67,0,0,,0,0,Matches
324,Raphaël Guerreiro,pt POR,"DF,MF",de Bayern Munich,32-119,1993,3.7,1,6,3,50,1.61,0.81,0.17,0.33,0,0,Matches
325,Pape Gueye,sn SEN,MF,es Villarreal,27-086,1999,5.8,0,14,4,28.6,2.4,0.69,0,0,0,0,Matches
Rk,Player,Nation,Pos,Squad,Age,Born,90s,Gls,Sh,SoT,SoT%,Sh/90,SoT/90,G/Sh,G/SoT,PK,PKatt,Matches
326,Luis Guilherme,br BRA,MF,pt Sporting CP,20-070,2006,0.9,0,1,1,100,1.14,1.14,0,0,0,0,Matches
327,Bruno Guimarães,br BRA,MF,eng Newcastle United,28-155,1997,6,0,3,2,66.7,0.5,0.33,0,0,0,0,Matches
328,Serhou Guirassy,gn GUI,FW,de Dortmund,30-039,1996,7.8,4,18,10,55.6,2.29,1.27,0.22,0.4,0,1,Matches
329,Marc Guiu,es ESP,FW,eng Chelsea,20-106,2006,0.5,1,2,2,100,4,4,0.5,0.5,0,0,Matches
330,Arda Güler,tr TUR,MF,es Real Madrid,21-054,2005,11.3,2,23,9,39.1,2.03,0.79,0.09,0.22,0,0,Matches
331,Jostein Gundersen,no NOR,DF,no Bodø/Glimt,30-018,1996,7.3,0,4,2,50,0.55,0.27,0,0,0,0,Matches
332,İlkay Gündoğan,de GER,MF,tr Galatasaray,35-178,1990,4.6,0,3,2,66.7,0.65,0.44,0,0,0,0,Matches
333,Gorka Guruzeta,es ESP,"FW,MF",es Athletic Club,29-220,1996,5.2,5,15,7,46.7,2.89,1.35,0.33,0.71,0,0,Matches
334,Badavi Guseynov,az AZE,DF,az Qarabağ,34-283,1991,1.5,0,2,0,0,1.33,0,0,,0,0,Matches
335,Malo Gusto,fr FRA,DF,eng Chelsea,22-336,2003,5.3,1,5,1,20,0.95,0.19,0.2,1,0,0,Matches
336,Miguel Gutiérrez,es ESP,"DF,MF",it Napoli,24-267,2001,3.4,0,2,0,0,0.6,0,0,,0,0,Matches
337,Günay Güvenç,tr TUR,GK,tr Galatasaray,34-299,1991,0.3,0,0,0,,0,0,,,0,0,Matches
338,Joško Gvardiol,hr CRO,DF,eng Manchester City,24-087,2002,4.9,0,5,2,40,1.03,0.41,0,0,0,0,Matches
339,Viktor Gyökeres,se SWE,FW,eng Arsenal,27-320,1998,7.7,4,25,12,48,3.23,1.55,0.16,0.33,0,0,Matches
340,Erling Haaland,no NOR,FW,eng Manchester City,25-273,2000,8.3,8,35,20,57.1,4.19,2.4,0.2,0.35,1,1,Matches
341,Anouar Ait El Hadj,be BEL,"MF,FW",be Union SG,24-000,2002,5.8,1,7,3,42.9,1.21,0.52,0.14,0.33,0,0,Matches
342,Nikita Haikin,ru RUS,GK,no Bodø/Glimt,30-283,1995,12.3,0,0,0,,0,0,,,0,0,Matches
343,Achraf Hakimi,ma MAR,DF,fr Paris Saint-Germain,27-167,1998,10.5,1,16,6,37.5,1.53,0.57,0.06,0.17,0,0,Matches
344,Lewis Hall,eng ENG,"DF,MF",eng Newcastle United,21-224,2004,7.2,0,2,1,50,0.28,0.14,0,0,0,0,Matches
345,Dávid Hancko,sk SVK,DF,es Atlético Madrid,28-128,1997,10.3,2,8,3,37.5,0.77,0.29,0.25,0.67,0,0,Matches
346,Daiki Hashioka,jp JPN,MF,cz Slavia Prague,26-338,1999,1.6,0,1,0,0,0.63,0,0,,0,0,Matches
347,Jorrel Hato,nl NED,DF,eng Chelsea,20-044,2006,3.8,0,3,2,66.7,0.8,0.53,0,0,0,0,Matches
348,Pantelis Hatzidiakos,gr GRE,DF,dk FC Copenhagen,29-092,1997,6.2,0,0,0,,0,0,,,0,0,Matches
349,Kai Havertz,de GER,MF,eng Arsenal,26-313,1999,1.6,3,3,3,100,1.93,1.93,0.67,0.67,1,1,Matches
350,Andreas Helmersen,no NOR,FW,no Bodø/Glimt,28-036,1998,2.2,1,7,6,85.7,3.17,2.71,0.14,0.17,0,0,Matches
Rk,Player,Nation,Pos,Squad,Age,Born,90s,Gls,Sh,SoT,SoT%,Sh/90,SoT/90,G/Sh,G/SoT,PK,PKatt,Matches
351,Luis Henrique,br BRA,MF,it Inter,24-127,2001,4,0,5,0,0,1.24,0,0,,0,0,Matches
352,Lucas Hernández,fr FRA,DF,fr Paris Saint-Germain,30-065,1996,2.4,0,0,0,,0,0,,,0,0,Matches
353,Santiago Hezze,ar ARG,MF,gr Olympiacos,24-180,2001,7.7,1,3,1,33.3,0.39,0.13,0.33,1,0,0,Matches
354,Isak Hien,se SWE,DF,it Atalanta,27-097,1999,7.9,0,3,1,33.3,0.38,0.13,0,0,0,0,Matches
355,Asier Hierro,es ESP,FW,es Athletic Club,20-349,2005,0.5,0,3,1,33.3,6.59,2.2,0,0,0,0,Matches
356,Piero Hincapié,ec ECU,DF,eng Arsenal,24-101,2002,5,0,4,2,50,0.8,0.4,0,0,0,0,Matches
357,Morten Hjulmand,dk DEN,MF,pt Sporting CP,26-299,1999,10.1,0,8,4,50,0.79,0.4,0,0,0,1,Matches
358,Jonas Hofmann,de GER,MF,de Leverkusen,33-280,1992,0.9,0,1,1,100,1.11,1.11,0,0,0,0,Matches
359,Tomáš Holeš,cz CZE,DF,cz Slavia Prague,33-020,1993,2.1,0,1,0,0,0.48,0,0,,0,0,Matches
360,Lukáš Hrádecký,fi FIN,GK,fr Monaco,36-147,1989,2,0,0,0,,0,0,,,0,0,Matches
361,Rodrigo Huescas,mx MEX,"DF,MF",dk FC Copenhagen,22-214,2003,1.2,0,1,1,100,0.87,0.87,0,0,0,0,Matches
362,Dean Huijsen,es ESP,DF,es Real Madrid,21-006,2005,8.5,0,4,1,25,0.47,0.12,0,0,0,0,Matches
363,Pierre Højbjerg,dk DEN,MF,fr Marseille,30-258,1995,7.3,0,6,1,16.7,0.82,0.14,0,0,0,0,Matches
364,Oliver Højer,dk DEN,MF,dk FC Copenhagen,19-086,2007,0.1,0,0,0,,0,0,,,0,0,Matches
365,Oscar Højlund,dk DEN,MF,de Eintracht Frankfurt,21-106,2005,1.2,0,0,0,,0,0,,,0,0,Matches
366,Rasmus Højlund,dk DEN,FW,it Napoli,23-075,2003,6.6,3,13,5,38.5,1.97,0.76,0.23,0.6,0,1,Matches
367,Ife Ibrahim,eng ENG,MF,eng Arsenal,18-090,2008,0,0,0,0,,0,0,,,0,0,Matches
368,Mauro Icardi,ar ARG,FW,tr Galatasaray,33-060,1993,2.8,0,7,0,0,2.53,0,0,,0,0,Matches
369,Stanis Idumbo,be BEL,MF,fr Monaco,20-295,2005,0.3,0,0,0,,0,0,,,0,0,Matches
370,Ogbu Igoh,ng NGA,DF,cz Slavia Prague,26-071,2000,1.7,0,0,0,,0,0,,,0,0,Matches
371,George Ilenikhena,ng NGA,FW,fr Monaco,19-247,2006,0.6,0,1,0,0,1.67,0,0,,0,0,Matches
372,André Inácio,br BRA,"FW,MF",gr Olympiacos,24-056,2002,0.6,0,3,0,0,5.19,0,0,,0,0,Matches
373,Gonçalo Inácio,pt POR,DF,pt Sporting CP,24-238,2001,10.6,1,3,1,33.3,0.28,0.09,0.33,1,0,0,Matches
374,Fotis Ioannidis,gr GRE,FW,pt Sporting CP,26-100,2000,2.3,0,1,0,0,0.44,0,0,,0,0,Matches
375,Alexander Isak,se SWE,FW,eng Liverpool,26-211,1999,3.2,0,9,6,66.7,2.83,1.89,0,0,0,0,Matches
Rk,Player,Nation,Pos,Squad,Age,Born,90s,Gls,Sh,SoT,SoT%,Sh/90,SoT/90,G/Sh,G/SoT,PK,PKatt,Matches
376,Ko Itakura,jp JPN,"DF,MF",nl Ajax,29-083,1997,5,0,1,0,0,0.2,0,0,,0,0,Matches
377,Hiroki Ito,jp JPN,DF,de Bayern Munich,26-343,1999,1.4,0,0,0,,0,0,,,0,0,Matches
378,Franjo Ivanović,hr CRO,FW,pt Benfica,22-201,2003,1.9,0,5,1,20,2.69,0.54,0,0,0,0,Matches
379,Nordin Jackers,be BEL,GK,be Club Brugge,28-227,1997,5.8,0,0,0,,0,0,,,0,0,Matches
380,Nicolas Jackson,sn SEN,FW,de Bayern Munich,24-304,2001,3.4,3,17,10,58.8,5.05,2.97,0.18,0.3,0,0,Matches
381,Jajá,br BRA,MF,cy Pafos FC,25-005,2001,3.7,0,8,2,25,2.16,0.54,0,0,0,0,Matches
382,Ismail Jakobs,sn SEN,DF,tr Galatasaray,26-246,1999,9.6,0,2,0,0,0.21,0,0,,0,0,Matches
383,Reece James,eng ENG,"MF,DF",eng Chelsea,26-133,1999,6.3,0,9,2,22.2,1.44,0.32,0,0,0,0,Matches
384,Marko Janković,me MNE,MF,az Qarabağ,30-285,1995,8.1,1,8,3,37.5,0.99,0.37,0,0,1,2,Matches
385,Vitezslav Jaros,cz CZE,GK,nl Ajax,24-271,2001,6,0,0,0,,0,0,,,0,0,Matches
386,Mikel Jauregizar,es ESP,MF,es Athletic Club,22-158,2003,5,0,2,0,0,0.4,0,0,,0,0,Matches
387,Luis Javier Suárez,co COL,FW,pt Sporting CP,28-139,1997,10.6,5,31,15,48.4,2.92,1.42,0.1,0.2,2,2,Matches
388,Gabriel Jesus,br BRA,FW,eng Arsenal,29-017,1997,1.5,2,8,5,62.5,5.22,3.26,0.25,0.4,0,0,Matches
389,Juan Jesus,br BRA,DF,it Napoli,34-314,1991,3.9,0,0,0,,0,0,,,0,0,Matches
390,João Pedro,br BRA,"FW,MF",eng Chelsea,24-206,2001,5.9,3,14,6,42.9,2.38,1.02,0.21,0.5,0,0,Matches
391,Joelinton,br BRA,MF,eng Newcastle United,29-249,1996,6.5,2,9,4,44.4,1.38,0.61,0.22,0.5,0,0,Matches
392,Brennan Johnson,wls WAL,"MF,FW",eng Tottenham Hotspur,24-332,2001,1.7,1,3,1,33.3,1.8,0.6,0.33,1,0,0,Matches
393,Curtis Jones,eng ENG,"MF,DF",eng Liverpool,25-080,2001,4.9,0,2,1,50,0.41,0.21,0,0,0,0,Matches
394,Frenkie de Jong,nl NED,MF,es Barcelona,28-343,1997,5.7,0,1,0,0,0.17,0,0,,0,0,Matches
395,Luiz Lúcio Reis Júnior,br BRA,GK,es Villarreal,25-096,2001,5,0,0,0,,0,0,,,0,0,Matches
396,Mauro Júnior,br BRA,"MF,DF",nl PSV,26-349,1999,7,0,5,1,20,0.72,0.14,0,0,0,0,Matches
397,Hamed Junior Traorè,ci CIV,MF,fr Marseille,26-063,2000,1.2,0,1,0,0,0.8,0,0,,0,0,Matches
398,Vinicius Júnior,br BRA,"FW,MF",es Real Madrid,25-282,2000,13,5,56,20,35.7,4.31,1.54,0.07,0.2,1,2,Matches
399,Filip Jørgensen,dk DEN,GK,eng Chelsea,24-004,2002,2.5,0,0,0,,0,0,,,0,0,Matches
400,Mathias Jørgensen,dk DEN,FW,no Bodø/Glimt,25-212,2000,0.9,0,0,0,,0,0,,,0,0,Matches
Rk,Player,Nation,Pos,Squad,Age,Born,90s,Gls,Sh,SoT,SoT%,Sh/90,SoT/90,G/Sh,G/SoT,PK,PKatt,Matches
401,Ayoub El Kaabi,ma MAR,FW,gr Olympiacos,32-298,1993,8,2,25,10,40,3.12,1.25,0.04,0.1,1,1,Matches
402,Sherhan Kalmurza,kz KAZ,GK,kz FC Kairat,18-310,2007,2,0,0,0,,0,0,,,0,0,Matches
403,Pierre Kalulu,fr FRA,"DF,MF",it Juventus,25-319,2000,10.2,0,4,1,25,0.39,0.1,0,0,0,0,Matches
404,Harry Kane,eng ENG,"FW,MF",de Bayern Munich,32-266,1993,9.5,12,40,21,52.5,4.21,2.21,0.23,0.43,3,4,Matches
405,Lee Kang-in,kr KOR,"FW,MF",fr Paris Saint-Germain,25-060,2001,3,0,9,3,33.3,2.97,0.99,0,0,0,0,Matches
406,Lennart Karl,de GER,MF,de Bayern Munich,18-057,2008,5.1,4,21,9,42.9,4.12,1.76,0.19,0.44,0,0,Matches
407,Damir Kasabulat,kz KAZ,"MF,DF",kz FC Kairat,23-234,2002,4.7,0,1,0,0,0.21,0,0,,0,0,Matches
408,Oleksii Kashchuk,ua UKR,MF,az Qarabağ,25-295,2000,2.3,1,6,4,66.7,2.66,1.77,0.17,0.25,0,0,Matches
409,Thilo Kehrer,de GER,DF,fr Monaco,29-211,1996,7.7,0,7,0,0,0.91,0,0,,0,0,Matches
410,Sekou Keita,be BEL,FW,be Union SG,19-353,2006,0.1,0,0,0,,0,0,,,0,0,Matches
411,Lloyd Kelly,eng ENG,DF,it Juventus,27-196,1998,8.5,1,6,1,16.7,0.7,0.12,0.17,1,0,0,Matches
412,Milos Kerkez,hu HUN,DF,eng Liverpool,22-164,2003,6.6,0,6,1,16.7,0.91,0.15,0,0,0,0,Matches
413,Anan Khalaili,il ISR,"MF,DF",be Union SG,21-229,2004,7.8,3,10,4,40,1.28,0.51,0.3,0.75,0,0,Matches
414,Abdukodir Khusanov,uz UZB,DF,eng Manchester City,22-050,2004,5.7,0,2,0,0,0.35,0,0,,0,0,Matches
415,Joshua Kimmich,de GER,MF,de Bayern Munich,31-071,1995,10.9,0,10,3,30,0.92,0.28,0,0,0,0,Matches
416,Antonín Kinský,cz CZE,GK,eng Tottenham Hotspur,23-038,2003,0.2,0,0,0,,0,0,,,0,0,Matches
417,Davy Klaassen,nl NED,MF,nl Ajax,33-058,1993,6.2,0,6,2,33.3,0.96,0.32,0,0,0,0,Matches
418,Anders Klynge,dk DEN,MF,no Bodø/Glimt,25-188,2000,0.2,0,0,0,,0,0,,,0,0,Matches
419,Ansgar Knauff,de GER,"FW,MF",de Eintracht Frankfurt,24-100,2002,6.6,2,7,4,57.1,1.06,0.61,0.29,0.5,0,0,Matches
420,Gregor Kobel,ch SUI,GK,de Dortmund,28-135,1997,10,0,0,0,,0,0,,,0,0,Matches
421,Robin Koch,de GER,DF,de Eintracht Frankfurt,29-277,1996,7.9,0,2,0,0,0.25,0,0,,0,0,Matches
422,Mateusz Kochalski,pl POL,GK,az Qarabağ,25-269,2000,10,0,0,0,,0,0,,,0,0,Matches
423,Giorgi Kochorashvili,ge GEO,MF,pt Sporting CP,26-295,1999,0.7,0,1,0,0,1.48,0,0,,0,0,Matches
424,Christian Kofane,cm CMR,FW,de Leverkusen,19-268,2006,6.6,1,14,6,42.9,2.11,0.9,0.07,0.17,0,0,Matches
425,Philipp Köhn,ch SUI,GK,fr Monaco,28-018,1998,8,0,0,0,,0,0,,,0,0,Matches
Rk,Player,Nation,Pos,Squad,Age,Born,90s,Gls,Sh,SoT,SoT%,Sh/90,SoT/90,G/Sh,G/SoT,PK,PKatt,Matches
426,Koke,es ESP,MF,es Atlético Madrid,34-102,1992,8.5,0,6,0,0,0.71,0,0,,0,0,Matches
427,Sead Kolašinac,ba BIH,DF,it Atalanta,32-304,1993,4.2,0,2,0,0,0.48,0,0,,0,0,Matches
428,Randal Kolo Muani,fr FRA,FW,eng Tottenham Hotspur,27-136,1998,5,4,11,6,54.5,2.2,1.2,0.36,0.67,0,0,Matches
429,Don-Angelo Konadu,nl NED,FW,nl Ajax,19-352,2006,0.3,0,1,1,100,3.46,3.46,0,0,0,0,Matches
430,Ibrahima Konaté,fr FRA,DF,eng Liverpool,26-330,1999,9.7,1,9,2,22.2,0.93,0.21,0.11,0.5,0,0,Matches
431,Geoffrey Kondogbia,cf CTA,MF,fr Marseille,33-064,1993,2.5,0,3,2,66.7,1.22,0.81,0,0,0,0,Matches
432,Teun Koopmeiners,nl NED,"MF,DF",it Juventus,28-051,1998,8.2,2,9,4,44.4,1.09,0.49,0.22,0.5,0,0,Matches
433,Odilon Kossounou,ci CIV,DF,it Atalanta,25-106,2001,9,0,3,1,33.3,0.33,0.11,0,0,0,0,Matches
434,Filip Kostić,rs SRB,"FW,MF",it Juventus,33-170,1992,0.7,0,5,2,40,7.03,2.81,0,0,0,0,Matches
435,Dominik Kotarski,hr CRO,GK,dk FC Copenhagen,26-069,2000,8,0,0,0,,0,0,,,0,0,Matches
436,Jules Koundé,fr FRA,DF,es Barcelona,27-159,1998,9.6,2,5,2,40,0.52,0.21,0.4,1,0,0,Matches
437,Mateo Kovačić,hr CRO,MF,eng Manchester City,31-349,1994,0.4,0,1,0,0,2.65,0,0,,0,0,Matches
438,Matej Kovar,cz CZE,GK,nl PSV,25-338,2000,8,0,0,0,,0,0,,,0,0,Matches
439,Rasmus Kristensen,dk DEN,"MF,DF",de Eintracht Frankfurt,28-283,1997,3.6,1,3,2,66.7,0.82,0.55,0.33,0.5,0,0,Matches
440,Nikola Krstović,me MNE,FW,it Atalanta,26-015,2000,6.4,1,25,10,40,3.9,1.56,0.04,0.1,0,0,Matches
441,Mohammed Kudus,gh GHA,"MF,FW",eng Tottenham Hotspur,25-261,2000,3,1,4,3,75,1.33,1,0,0,1,1,Matches
442,Lev Kurgin,kz KAZ,DF,kz FC Kairat,23-318,2002,0.4,0,0,0,,0,0,,,0,0,Matches
443,Vasil Kušej,cz CZE,"MF,FW",cz Slavia Prague,25-331,2000,4.1,1,4,2,50,0.98,0.49,0.25,0.5,0,0,Matches
444,Berkan Kutlu,tr TUR,MF,tr Galatasaray,28-085,1998,0.1,0,0,0,,0,0,,,0,0,Matches
445,Ahmed Kutucu,tr TUR,"FW,MF",tr Galatasaray,26-050,2000,0.3,0,1,0,0,3.75,0,0,,0,0,Matches
446,Khvicha Kvaratskhelia,ge GEO,FW,fr Paris Saint-Germain,25-067,2001,9.8,8,42,14,33.3,4.3,1.43,0.19,0.57,0,0,Matches
447,Konrad Laimer,at AUT,DF,de Bayern Munich,28-328,1997,8,0,3,0,0,0.38,0,0,,0,0,Matches
448,Noa Lang,nl NED,MF,tr Galatasaray,26-307,1999,2.8,2,4,2,50,1.44,0.72,0.5,1,0,0,Matches
449,Noa Lang,nl NED,MF,it Napoli,26-307,1999,2.8,0,6,1,16.7,2.18,0.36,0,0,0,0,Matches
450,Bruno Langa,mz MOZ,DF,cy Pafos FC,28-171,1997,1.2,0,0,0,,0,0,,,0,0,Matches
Rk,Player,Nation,Pos,Squad,Age,Born,90s,Gls,Sh,SoT,SoT%,Sh/90,SoT/90,G/Sh,G/SoT,PK,PKatt,Matches
451,Aymeric Laporte,es ESP,DF,es Athletic Club,31-328,1994,1.5,0,0,0,,0,0,,,0,0,Matches
452,Hugo Larsson,se SWE,MF,de Eintracht Frankfurt,21-297,2004,5.7,0,1,0,0,0.18,0,0,,0,0,Matches
453,Jordan Larsson,se SWE,MF,dk FC Copenhagen,28-304,1997,6,3,14,7,50,2.35,1.17,0.14,0.29,1,2,Matches
454,Roméo Lavia,be BEL,MF,eng Chelsea,22-104,2004,1.2,0,1,0,0,0.8,0,0,,0,0,Matches
455,Robin Le Normand,es ESP,DF,es Atlético Madrid,29-160,1996,7.8,2,4,3,75,0.51,0.38,0.5,0.67,0,0,Matches
456,Iñigo Lekue,es ESP,DF,es Athletic Club,32-351,1993,2.1,0,0,0,,0,0,,,0,0,Matches
457,Félix Lemaréchal,fr FRA,MF,be Club Brugge,22-256,2003,0.2,0,0,0,,0,0,,,0,0,Matches
458,Mario Lemina,ga GAB,MF,tr Galatasaray,32-231,1993,8.1,1,6,3,50,0.74,0.37,0.17,0.33,0,0,Matches
459,Clément Lenglet,fr FRA,DF,es Atlético Madrid,30-307,1995,3,0,1,0,0,0.33,0,0,,0,0,Matches
460,Lukas Lerager,dk DEN,MF,dk FC Copenhagen,32-282,1993,5,0,8,2,25,1.6,0.4,0,0,0,0,Matches
461,Robert Lewandowski,pl POL,FW,es Barcelona,37-242,1988,6.9,4,25,13,52,3.63,1.89,0.16,0.31,0,0,Matches
462,Rico Lewis,eng ENG,MF,eng Manchester City,21-150,2004,2.4,0,2,0,0,0.83,0,0,,0,0,Matches
463,Myles Lewis-Skelly,eng ENG,DF,eng Arsenal,19-206,2006,6,0,4,0,0,0.67,0,0,,0,0,Matches
464,Fedde Leysen,be BEL,DF,be Union SG,22-285,2003,4.3,0,2,0,0,0.47,0,0,,0,0,Matches
465,Valentino Livramento,eng ENG,"DF,MF",eng Newcastle United,23-159,2002,3.4,0,1,0,0,0.29,0,0,,0,0,Matches
466,Marcos Llorente,es ESP,"DF,MF",es Atlético Madrid,31-080,1995,10.8,4,12,5,41.7,1.11,0.46,0.33,0.8,0,0,Matches
467,Stanislav Lobotka,sk SVK,MF,it Napoli,31-146,1994,5.6,0,1,0,0,0.18,0,0,,0,0,Matches
468,Manuel Locatelli,it ITA,MF,it Juventus,28-102,1998,7.2,1,9,3,33.3,1.26,0.42,0,0,1,1,Matches
469,Ademola Lookman,ng NGA,"MF,FW",it Atalanta,28-182,1997,4.9,1,17,4,23.5,3.5,0.82,0.06,0.25,0,0,Matches
470,Ademola Lookman,ng NGA,"MF,FW",es Atlético Madrid,28-182,1997,3.7,2,10,4,40,2.68,1.07,0.2,0.5,0,0,Matches
471,Fermin López,es ESP,MF,es Barcelona,22-344,2003,8.8,6,23,12,52.2,2.61,1.36,0.26,0.5,0,0,Matches
472,Hugo López,es ESP,MF,es Villarreal,19-109,2007,0.5,0,0,0,,0,0,,,0,0,Matches
473,Marcos López,pe PER,DF,dk FC Copenhagen,26-151,1999,7.3,0,1,0,0,0.14,0,0,,0,0,Matches
474,Lorenzo Lucca,it ITA,FW,it Napoli,25-222,2000,1.3,0,4,0,0,3.03,0,0,,0,0,Matches
475,Derrick Luckassen,gh GHA,DF,cy Pafos FC,30-291,1995,8,1,3,1,33.3,0.37,0.12,0.33,1,0,0,Matches
Rk,Player,Nation,Pos,Squad,Age,Born,90s,Gls,Sh,SoT,SoT%,Sh/90,SoT/90,G/Sh,G/SoT,PK,PKatt,Matches
476,David Luiz,br BRA,DF,cy Pafos FC,38-363,1987,6,1,9,5,55.6,1.5,0.83,0.11,0.2,0,0,Matches
477,Romelu Lukaku,be BEL,FW,it Napoli,32-342,1993,0.1,0,1,1,100,10,10,0,0,0,0,Matches
478,Dodi Lukebakio,be BEL,"MF,FW",pt Benfica,28-208,1997,3,0,13,6,46.2,4.38,2.02,0,0,0,0,Matches
479,Andriy Lunin,ua UKR,GK,es Real Madrid,27-068,1999,3.5,0,0,0,,0,0,,,0,0,Matches
480,Isak Määttä,no NOR,"FW,DF",no Bodø/Glimt,24-213,2001,2.7,0,2,0,0,0.75,0,0,,0,0,Matches
481,Alexis Mac Allister,ar ARG,"MF,FW",eng Liverpool,27-117,1998,9.5,3,22,8,36.4,2.32,0.84,0.14,0.38,0,0,Matches
482,Kevin Mac Allister,ar ARG,DF,be Union SG,28-164,1997,7.7,1,4,1,25,0.52,0.13,0.25,1,0,0,Matches
483,Noni Madueke,eng ENG,"FW,MF",eng Arsenal,24-041,2002,5.2,3,14,8,57.1,2.68,1.53,0.21,0.38,0,0,Matches
484,Gabriel Magalhães,br BRA,DF,eng Arsenal,28-122,1997,7.8,1,7,1,14.3,0.9,0.13,0.14,1,0,0,Matches
485,Daniel Maldini,it ITA,FW,it Atalanta,24-191,2001,0.5,0,0,0,,0,0,,,0,0,Matches
486,Giorgi Mamardashvili,ge GEO,GK,eng Liverpool,25-203,2000,6.4,0,0,0,,0,0,,,0,0,Matches
487,Dennis Man,ro ROU,MF,nl PSV,27-237,1998,5.1,2,7,3,42.9,1.38,0.59,0.29,0.67,0,0,Matches
488,Filippo Mane,it ITA,DF,de Dortmund,21-043,2005,1,0,0,0,,0,0,,,0,0,Matches
489,Ricardo Mangas,pt POR,MF,pt Sporting CP,28-032,1998,1,0,0,0,,0,0,,,0,0,Matches
490,Manuel Manu,pt POR,MF,pt Benfica,24-312,2001,0,0,0,0,,0,0,,,0,0,Matches
491,José María Giménez,uy URU,DF,es Atlético Madrid,31-090,1995,3.2,1,4,1,25,1.26,0.32,0.25,1,0,0,Matches
492,Rafa Marín,es ESP,DF,es Villarreal,23-336,2002,4.3,0,2,2,100,0.47,0.47,0,0,0,0,Matches
493,João Mário Lopes,pt POR,DF,it Juventus,26-107,2000,1.2,0,0,0,,0,0,,,0,0,Matches
494,Jakub Markovič,cz CZE,GK,cz Slavia Prague,24-281,2001,2,0,0,0,,0,0,,,0,0,Matches
495,Omar Marmoush,eg EGY,"MF,FW",eng Manchester City,27-072,1999,2.5,0,2,2,100,0.8,0.8,0,0,0,0,Matches
496,Camilo Marques,co COL,"FW,MF",az Qarabağ,24-069,2002,8.3,5,20,10,50,2.41,1.21,0.25,0.5,0,0,Matches
497,Marquinhos,br BRA,DF,fr Paris Saint-Germain,31-341,1994,11.5,2,7,2,28.6,0.61,0.17,0.29,1,0,0,Matches
498,Carlos Martín,es ESP,"FW,MF",es Atlético Madrid,23-363,2002,0,0,0,0,,0,0,,,0,0,Matches
499,Gerard Martín,es ESP,DF,es Barcelona,24-053,2002,8.8,0,3,1,33.3,0.34,0.11,0,0,0,0,Matches
500,Gabriel Martinelli,br BRA,"MF,FW",eng Arsenal,24-306,2001,6.5,6,18,8,44.4,2.76,1.22,0.33,0.75,0,0,Matches
Rk,Player,Nation,Pos,Squad,Age,Born,90s,Gls,Sh,SoT,SoT%,Sh/90,SoT/90,G/Sh,G/SoT,PK,PKatt,Matches
501,Lautaro Martínez,ar ARG,FW,it Inter,28-241,1997,5.1,4,24,10,41.7,4.75,1.98,0.17,0.4,0,0,Matches
502,Gelson Martins,pt POR,MF,gr Olympiacos,30-344,1995,8,3,22,6,27.3,2.76,0.75,0.14,0.5,0,0,Matches
503,Alyaksandr Martynovich,by BLR,DF,kz FC Kairat,38-237,1987,5,0,0,0,,0,0,,,0,0,Matches
504,Franco Mastantuono,ar ARG,"MF,FW",es Real Madrid,18-249,2007,3.2,1,12,5,41.7,3.7,1.54,0.08,0.2,0,0,Matches
505,Luís Mata,pt POR,DF,kz FC Kairat,28-288,1997,6.6,0,4,2,50,0.6,0.3,0,0,0,0,Matches
506,Pape Matar Sarr,sn SEN,MF,eng Tottenham Hotspur,23-218,2002,7.1,0,12,3,25,1.68,0.42,0,0,0,0,Matches
507,Jean Mattéo Bahoya,fr FRA,FW,de Eintracht Frankfurt,20-348,2005,2.5,0,3,2,66.7,1.19,0.79,0,0,0,0,Matches
508,Christian Mawissa,fr FRA,DF,fr Monaco,21-002,2005,1.3,0,0,0,,0,0,,,0,0,Matches
509,Senny Mayulu,fr FRA,"FW,MF",fr Paris Saint-Germain,19-338,2006,4.8,2,18,5,27.8,3.78,1.05,0.11,0.4,0,0,Matches
510,Ibrahim Maza,dz ALG,MF,de Leverkusen,20-147,2005,8.7,0,20,2,10,2.29,0.23,0,0,0,0,Matches
511,Kylian Mbappé,fr FRA,FW,es Real Madrid,27-121,1998,10.1,15,56,30,53.6,5.53,2.96,0.21,0.4,3,3,Matches
512,Ibrahim Mbaye,sn SEN,FW,fr Paris Saint-Germain,18-086,2008,1.1,0,4,2,50,3.5,1.75,0,0,0,0,Matches
513,Youssoupha Mbodji,sn SEN,"MF,DF",cz Slavia Prague,22-101,2004,4.3,2,8,4,50,1.86,0.93,0.25,0.5,0,0,Matches
514,James McConnell,eng ENG,MF,nl Ajax,21-219,2004,1.3,0,0,0,,0,0,,,0,0,Matches
515,Weston McKennie,us USA,"MF,FW",it Juventus,27-235,1998,10,4,12,7,58.3,1.2,0.7,0.33,0.57,0,0,Matches
516,Scott McTominay,sct SCO,MF,it Napoli,29-133,1996,7.8,4,16,6,37.5,2.06,0.77,0.25,0.67,0,0,Matches
517,Brandon Mechele,be BEL,DF,be Club Brugge,33-082,1993,10,1,3,1,33.3,0.3,0.1,0.33,1,0,0,Matches
518,Facundo Medina,ar ARG,DF,fr Marseille,26-327,1999,3.4,0,0,0,,0,0,,,0,0,Matches
519,Kevin Medina,co COL,DF,az Qarabağ,33-042,1993,9.7,0,3,0,0,0.31,0,0,,0,0,Matches
520,Bjorn Meijer,nl NED,DF,be Club Brugge,23-033,2003,2.2,0,2,0,0,0.91,0,0,,0,0,Matches
521,Birger Meling,no NOR,"DF,MF",dk FC Copenhagen,31-124,1994,2.8,0,0,0,,0,0,,,0,0,Matches
522,Nuno Mendes,pt POR,DF,fr Paris Saint-Germain,23-305,2002,12.3,2,14,6,42.9,1.14,0.49,0.14,0.33,0,0,Matches
523,Rodrigo Mendoza,es ESP,MF,es Atlético Madrid,21-036,2005,0.1,0,0,0,,0,0,,,0,0,Matches
524,Ferland Mendy,fr FRA,DF,es Real Madrid,30-316,1995,2.5,0,0,0,,0,0,,,0,0,Matches
525,Jeremiah Mensah,de GER,MF,de Leverkusen,18-058,2008,0.1,0,1,1,100,9,9,0,0,0,0,Matches
Rk,Player,Nation,Pos,Squad,Age,Born,90s,Gls,Sh,SoT,SoT%,Sh/90,SoT/90,G/Sh,G/SoT,PK,PKatt,Matches
526,Alex Meret,it ITA,GK,it Napoli,29-029,1997,1,0,0,0,,0,0,,,0,0,Matches
527,Mikel Merino,es ESP,"MF,FW",eng Arsenal,29-302,1996,5.7,2,7,4,57.1,1.22,0.7,0.29,0.5,0,0,Matches
528,Daniel Mesonero,es ESP,MF,es Real Madrid,20-229,2005,0.1,0,0,0,,0,0,,,0,0,Matches
529,Georgios Michael,cy CYP,FW,cy Pafos FC,17-147,2008,0,0,0,0,,0,0,,,0,0,Matches
530,Neofytos Michael,cy CYP,GK,cy Pafos FC,32-125,1993,6,0,0,0,,0,0,,,0,0,Matches
531,Lucas Michal,fr FRA,FW,fr Monaco,20-303,2005,0.4,0,1,0,0,2.73,0,0,,0,0,Matches
532,Simon Mignolet,be BEL,GK,be Club Brugge,38-045,1988,3.2,0,0,0,,0,0,,,0,0,Matches
533,Georges Mikautadze,ge GEO,FW,es Villarreal,25-171,2000,4.4,1,6,1,16.7,1.37,0.23,0.17,1,0,0,Matches
534,Wisdom Mike,de GER,FW,de Bayern Munich,17-208,2008,0.1,0,1,0,0,9,0,0,,0,0,Matches
535,Lewis Miley,eng ENG,MF,eng Newcastle United,19-354,2006,3.8,1,4,1,25,1.04,0.26,0.25,1,0,0,Matches
536,Vanja Milinković-Savić,rs SRB,GK,it Napoli,29-059,1997,7,0,0,0,,0,0,,,0,0,Matches
537,Éder Militão,br BRA,DF,es Real Madrid,28-092,1998,4.3,0,8,1,12.5,1.85,0.23,0,0,0,0,Matches
538,Kim Min-jae,kr KOR,DF,de Bayern Munich,29-156,1996,3.5,0,3,0,0,0.85,0,0,,0,0,Matches
539,Takumi Minamino,jp JPN,MF,fr Monaco,31-094,1995,3.6,1,13,2,15.4,3.61,0.56,0.08,0.5,0,0,Matches
540,Fabio Miretti,it ITA,MF,it Juventus,22-260,2003,3,0,6,1,16.7,2.03,0.34,0,0,0,0,Matches
541,Henrikh Mkhitaryan,am ARM,MF,it Inter,37-089,1989,3.5,0,1,0,0,0.29,0,0,,0,0,Matches
542,Tadjidine Mmadi,fr FRA,FW,fr Marseille,19-048,2007,0,0,0,0,,0,0,,,0,0,Matches
543,Samy Mmaee,ma MAR,DF,az Qarabağ,29-224,1996,0.3,0,1,0,0,3,0,0,,0,0,Matches
544,Brede Moe,no NOR,DF,no Bodø/Glimt,34-126,1991,0.8,0,0,0,,0,0,,,0,0,Matches
545,Jorthy Mokio,be BEL,MF,nl Ajax,18-050,2008,4.5,0,6,3,50,1.32,0.66,0,0,0,0,Matches
546,Alberto Moleiro,es ESP,MF,es Villarreal,22-202,2003,2.8,0,4,1,25,1.45,0.36,0,0,0,0,Matches
547,Nahuel Molina,ar ARG,DF,es Atlético Madrid,28-014,1998,7.4,0,3,2,66.7,0.41,0.27,0,0,0,0,Matches
548,Joni Montiel,es ESP,MF,az Qarabağ,27-229,1998,3.5,0,4,2,50,1.14,0.57,0,0,0,0,Matches
549,Gerard Moreno,es ESP,"FW,MF",es Villarreal,34-013,1992,0.5,0,2,0,0,3.83,0,0,,0,0,Matches
550,Hidemasa Morita,jp JPN,MF,pt Sporting CP,30-345,1995,5.2,0,3,0,0,0.57,0,0,,0,0,Matches
Rk,Player,Nation,Pos,Squad,Age,Born,90s,Gls,Sh,SoT,SoT%,Sh/90,SoT/90,G/Sh,G/SoT,PK,PKatt,Matches
551,Raúl Moro,es ESP,"MF,FW",nl Ajax,23-136,2002,2.2,0,3,0,0,1.38,0,0,,0,0,Matches
552,David Moses,ng NGA,"MF,DF",cz Slavia Prague,22-090,2004,4.1,0,2,1,50,0.49,0.25,0,0,0,0,Matches
553,Cristhian Mosquera,es ESP,DF,eng Arsenal,21-297,2004,5.5,0,1,1,100,0.18,0.18,0,0,0,0,Matches
554,Youssoufa Moukoko,de GER,FW,dk FC Copenhagen,21-151,2004,3.5,0,8,5,62.5,2.31,1.44,0,0,0,0,Matches
555,Santiago Mouriño,uy URU,DF,es Villarreal,24-066,2002,5.9,0,2,0,0,0.34,0,0,,0,0,Matches
556,Christos Mouzakitis,gr GRE,MF,gr Olympiacos,19-116,2006,7.5,0,8,0,0,1.06,0,0,,0,0,Matches
557,Aleksandr Mrynskiy,kz KAZ,"MF,DF",kz FC Kairat,21-279,2004,7.9,0,4,0,0,0.51,0,0,,0,0,Matches
558,Alex Murphy,ie IRL,DF,eng Newcastle United,21-299,2004,1,0,1,0,0,1,0,0,,0,0,Matches
559,Jacob Murphy,eng ENG,"FW,MF",eng Newcastle United,31-055,1995,4.1,1,10,3,30,2.42,0.73,0.1,0.33,0,0,Matches
560,Yunus Musah,us USA,MF,it Atalanta,23-142,2002,2.7,0,5,1,20,1.87,0.37,0,0,0,0,Matches
561,Jamal Musiala,de GER,MF,de Bayern Munich,23-053,2003,1.8,2,6,3,50,3.42,1.71,0.33,0.67,0,0,Matches
562,Juan Musso,ar ARG,GK,es Atlético Madrid,31-349,1994,4,0,0,0,,0,0,,,0,0,Matches
563,Bəhlul Mustafazadə,az AZE,DF,az Qarabağ,29-052,1997,8.2,1,1,1,100,0.12,0.12,1,1,0,0,Matches
564,Bilal Nadir,ma MAR,MF,fr Marseille,22-143,2003,1,0,0,0,,0,0,,,0,0,Matches
565,Amara Nallo,eng ENG,DF,eng Liverpool,19-153,2006,0.2,0,0,0,,0,0,,,0,0,Matches
566,Diogo Nascimento,pt POR,MF,gr Olympiacos,23-169,2002,1,0,0,0,,0,0,,,0,0,Matches
567,Pharrel Nana Yaw Yiadom Nash,nl NED,FW,nl Ajax,18-072,2008,0,0,0,0,,0,0,,,0,0,Matches
568,Pau Navarro,es ESP,DF,es Villarreal,20-360,2005,2.1,0,1,0,0,0.48,0,0,,0,0,Matches
569,Roberto Navarro,es ESP,MF,es Athletic Club,24-008,2002,5.6,2,10,5,50,1.78,0.89,0.2,0.4,0,0,Matches
570,Quentin Ndjantou Mbitcha,fr FRA,FW,fr Paris Saint-Germain,18-271,2007,1.2,0,2,1,50,1.73,0.87,0,0,0,0,Matches
571,Sean Neave,eng ENG,FW,eng Newcastle United,18-328,2007,0,0,0,0,,0,0,,,0,0,Matches
572,Rafael Nel,pt POR,FW,pt Sporting CP,21-017,2005,0.3,1,1,1,100,3.91,3.91,1,1,0,0,Matches
573,David Neres,br BRA,MF,it Napoli,29-048,1997,2.9,0,3,3,100,1.02,1.02,0,0,0,0,Matches
574,José Neto,pt POR,DF,pt Benfica,18-001,2008,0,0,0,0,,0,0,,,0,0,Matches
575,Pedro Neto,pt POR,"MF,FW",eng Chelsea,26-042,2000,6.8,0,11,4,36.4,1.62,0.59,0,0,0,0,Matches
Rk,Player,Nation,Pos,Squad,Age,Born,90s,Gls,Sh,SoT,SoT%,Sh/90,SoT/90,G/Sh,G/SoT,PK,PKatt,Matches
576,Manuel Neuer,de GER,GK,de Bayern Munich,40-024,1986,9,0,0,0,,0,0,,,0,0,Matches
577,João Neves,pt POR,MF,fr Paris Saint-Germain,21-205,2004,9.4,1,14,6,42.9,1.49,0.64,0.07,0.17,0,0,Matches
578,Jessic Ngankam,de GER,FW,de Eintracht Frankfurt,25-274,2000,0,0,0,0,,0,0,,,0,0,Matches
579,Rio Ngumoha,eng ENG,FW,eng Liverpool,17-234,2008,0.7,0,4,1,25,5.37,1.34,0,0,0,0,Matches
580,Ousseynou Niang,sn SEN,MF,be Union SG,24-190,2001,5.9,0,10,2,20,1.7,0.34,0,0,0,0,Matches
581,Samuel Nibombé,be BEL,DF,fr Monaco,18-248,2007,0,0,0,0,,0,0,,,0,0,Matches
582,Villads Nielsen,dk DEN,DF,no Bodø/Glimt,21-081,2005,0.6,0,0,0,,0,0,,,0,0,Matches
583,Gustaf Nilsson,se SWE,FW,be Club Brugge,28-332,1997,0.1,0,0,0,,0,0,,,0,0,Matches
584,Felix Nmecha,de GER,MF,de Dortmund,25-192,2000,8.3,3,11,4,36.4,1.32,0.48,0.27,0.75,0,0,Matches
585,Matheus Nunes,pt POR,DF,eng Manchester City,27-236,1998,4.8,0,0,0,,0,0,,,0,0,Matches
586,Ethan Nwaneri,eng ENG,MF,eng Arsenal,19-030,2007,1.1,0,4,3,75,3.53,2.65,0,0,0,0,Matches
587,Trey Nyoni,eng ENG,MF,eng Liverpool,18-294,2007,0.3,0,0,0,,0,0,,,0,0,Matches
588,Christian Nørgaard,dk DEN,"MF,DF",eng Arsenal,32-041,1994,3.4,0,2,1,50,0.58,0.29,0,0,0,0,Matches
589,Matt O'Riley,dk DEN,MF,fr Marseille,25-150,2000,4,0,3,0,0,0.74,0,0,,0,0,Matches
590,Armando Obispo,cw CUW,DF,nl PSV,27-046,1999,3.6,0,2,0,0,0.56,0,0,,0,0,Matches
591,Jan Oblak,si SVN,GK,es Atlético Madrid,33-103,1993,10,0,0,0,,0,0,,,0,0,Matches
592,Wilson Odobert,fr FRA,"MF,FW",eng Tottenham Hotspur,21-143,2004,5.4,1,9,3,33.3,1.68,0.56,0.11,0.33,0,0,Matches
593,Deniz Ofli,tr TUR,DF,de Bayern Munich,19-022,2007,0.4,0,0,0,,0,0,,,0,0,Matches
594,Michael Olise,fr FRA,MF,de Bayern Munich,24-129,2001,10,4,39,16,41,3.9,1.6,0.1,0.25,0,0,Matches
595,Lucas Oliveira Rosa,br BRA,DF,nl Ajax,26-017,2000,2.9,0,0,0,,0,0,,,0,0,Matches
596,Mathías Olivera,uy URU,MF,it Napoli,28-171,1997,3.6,0,5,3,60,1.37,0.82,0,0,0,0,Matches
597,Dani Olmo,es ESP,MF,es Barcelona,27-348,1998,5,1,13,4,30.8,2.61,0.8,0.08,0.25,0,0,Matches
598,Callum Olusesi,eng ENG,MF,eng Tottenham Hotspur,19-093,2007,0.1,0,0,0,,0,0,,,0,0,Matches
599,Tani Oluwaseyi,ca CAN,FW,es Villarreal,25-340,2000,4.5,2,10,4,40,2.24,0.9,0.2,0.5,0,0,Matches
600,Raphael Onyedika,ng NGA,MF,be Club Brugge,25-001,2001,5.6,2,5,5,100,0.89,0.89,0.4,0.4,0,0,Matches
Rk,Player,Nation,Pos,Squad,Age,Born,90s,Gls,Sh,SoT,SoT%,Sh/90,SoT/90,G/Sh,G/SoT,PK,PKatt,Matches
601,Bruno Onyemaechi,ng NGA,"DF,MF",gr Olympiacos,27-017,1999,0.7,0,1,0,0,1.38,0,0,,0,0,Matches
602,Loïs Openda,be BEL,FW,it Juventus,26-063,2000,3.6,1,11,2,18.2,3.07,0.56,0.09,0.5,0,0,Matches
603,Joel Ordóñez,ec ECU,DF,be Club Brugge,21-364,2004,9.6,1,4,1,25,0.41,0.1,0.25,1,0,0,Matches
604,Mislav Oršić,hr CRO,MF,cy Pafos FC,33-112,1992,7.1,2,11,4,36.4,1.54,0.56,0.18,0.5,0,0,Matches
605,Francisco Ortega,ar ARG,DF,gr Olympiacos,27-032,1999,9.5,0,2,0,0,0.21,0,0,,0,0,Matches
606,Victor Osimhen,ng NGA,FW,tr Galatasaray,27-112,1998,9.3,7,42,25,59.5,4.51,2.68,0.1,0.16,3,3,Matches
607,William Osula,dk DEN,FW,eng Newcastle United,22-259,2003,2.2,0,6,2,33.3,2.77,0.92,0,0,0,0,Matches
608,Nicolás Otamendi,ar ARG,DF,pt Benfica,38-067,1988,10,0,8,3,37.5,0.8,0.3,0,0,0,0,Matches
609,Kassoum Ouattara,fr FRA,MF,fr Monaco,21-188,2004,3.1,0,3,1,33.3,0.96,0.32,0,0,0,0,Matches
610,Nico O’Reilly,eng ENG,"DF,MF",eng Manchester City,21-030,2005,7.4,1,11,8,72.7,1.48,1.07,0.09,0.13,0,0,Matches
611,Willian Pacho,ec ECU,DF,fr Paris Saint-Germain,24-186,2001,14,2,3,2,66.7,0.21,0.14,0.67,1,0,0,Matches
612,Igor Paixão,br BRA,MF,fr Marseille,25-296,2000,5.2,4,15,7,46.7,2.87,1.34,0.27,0.57,0,0,Matches
613,César Palacios,es ESP,MF,es Real Madrid,21-160,2004,0.1,0,0,0,,0,0,,,0,0,Matches
614,Exequiel Palacios,ar ARG,MF,de Leverkusen,27-197,1998,3.7,0,1,0,0,0.27,0,0,,0,0,Matches
615,João Palhinha,pt POR,"MF,DF",eng Tottenham Hotspur,30-285,1995,4.2,1,3,2,66.7,0.71,0.47,0.33,0.5,0,0,Matches
616,Cole Palmer,eng ENG,MF,eng Chelsea,23-349,2002,3.1,1,6,3,50,1.96,0.98,0.17,0.33,0,0,Matches
617,Emerson Palmieri,it ITA,"DF,MF",fr Marseille,31-260,1994,4.3,0,0,0,,0,0,,,0,0,Matches
618,Aitor Paredes,es ESP,DF,es Athletic Club,25-356,2000,7,0,1,0,0,0.14,0,0,,0,0,Matches
619,Daniel Parejo,es ESP,MF,es Villarreal,37-004,1989,2.3,0,3,0,0,1.3,0,0,,0,0,Matches
620,Thomas Partey,gh GHA,MF,es Villarreal,32-311,1993,3.2,0,2,1,50,0.63,0.32,0,0,0,0,Matches
621,Mario Pašalić,hr CRO,MF,it Atalanta,31-070,1995,6.7,3,13,7,53.8,1.93,1.04,0.23,0.43,0,0,Matches
622,Alexandros Paschalakis,gr GRE,GK,gr Olympiacos,36-266,1989,1,0,0,0,,0,0,,,0,0,Matches
623,Remko Pasveer,nl NED,GK,nl Ajax,42-163,1983,2,0,0,0,,0,0,,,0,0,Matches
624,Louis Patris,be BEL,DF,be Union SG,24-317,2001,1.7,0,1,1,100,0.6,0.6,0,0,0,0,Matches
625,Benjamin Pavard,fr FRA,DF,fr Marseille,30-023,1996,6,0,2,0,0,0.34,0,0,,0,0,Matches
Rk,Player,Nation,Pos,Squad,Age,Born,90s,Gls,Sh,SoT,SoT%,Sh/90,SoT/90,G/Sh,G/SoT,PK,PKatt,Matches
626,Filip Pavić,de GER,MF,de Bayern Munich,16-091,2010,0.2,0,0,0,,0,0,,,0,0,Matches
627,Vangelis Pavlidis,gr GRE,FW,pt Benfica,27-150,1998,9,2,21,6,28.6,2.33,0.67,0.05,0.17,1,2,Matches
628,Aleksandar Pavlovic,de GER,MF,de Bayern Munich,21-352,2004,11,1,12,6,50,1.09,0.54,0.08,0.17,0,0,Matches
629,Alfonso Pedraza,es ESP,DF,es Villarreal,30-011,1996,2.7,0,3,1,33.3,1.1,0.37,0,0,0,0,Matches
630,Pedri,es ESP,MF,es Barcelona,23-146,2002,7.7,0,3,2,66.7,0.39,0.26,0,0,0,0,Matches
631,Nicolas Pépé,ci CIV,"FW,MF",es Villarreal,30-326,1995,6.8,0,19,6,31.6,2.81,0.89,0,0,0,0,Matches
632,Ricardo Pepi,us USA,FW,nl PSV,23-101,2003,1.7,3,8,6,75,4.74,3.55,0.38,0.5,0,0,Matches
633,Gabriel Pereira,br BRA,DF,dk FC Copenhagen,25-348,2000,7.8,0,5,0,0,0.64,0,0,,0,0,Matches
634,Ayoze Pérez,es ESP,FW,es Villarreal,32-265,1993,3,0,7,1,14.3,2.32,0.33,0,0,0,0,Matches
635,Mattia Perin,it ITA,GK,it Juventus,33-161,1992,4.3,0,0,0,,0,0,,,0,0,Matches
636,Ivan Perišić,hr CRO,MF,nl PSV,37-077,1989,5.9,1,11,3,27.3,1.86,0.51,0,0,1,1,Matches
637,Jens Petter Hauge,no NOR,"FW,MF",no Bodø/Glimt,26-190,1999,11,6,19,9,47.4,1.73,0.82,0.32,0.67,0,0,Matches
638,Kostas Pileas,cy CYP,DF,cy Pafos FC,27-130,1998,4.6,0,1,1,100,0.22,0.22,0,0,0,0,Matches
639,Thiago Pinar,es ESP,MF,es Real Madrid,18-260,2007,2.4,0,0,0,,0,0,,,0,0,Matches
640,Lorenzo Pirola,it ITA,DF,gr Olympiacos,24-059,2002,8.1,0,2,0,0,0.25,0,0,,0,0,Matches
641,Stavros Pnevmonidis,gr GRE,MF,gr Olympiacos,19-256,2006,0.2,0,1,0,0,5.63,0,0,,0,0,Matches
642,Daniel Podence,pt POR,MF,gr Olympiacos,30-181,1995,6,0,9,4,44.4,1.5,0.67,0,0,0,0,Matches
643,Ernest Poku,nl NED,"MF,DF",de Leverkusen,22-082,2004,8.5,0,12,3,25,1.41,0.35,0,0,0,0,Matches
644,Matteo Politano,it ITA,"MF,FW",it Napoli,32-260,1993,3.7,0,3,1,33.3,0.82,0.27,0,0,0,0,Matches
645,Nick Pope,eng ENG,GK,eng Newcastle United,34-001,1992,8,0,0,0,,0,0,,,0,0,Matches
646,Pedro Porro,es ESP,"DF,MF",eng Tottenham Hotspur,26-219,1999,8.6,1,13,4,30.8,1.52,0.47,0.08,0.25,0,0,Matches
647,Erik Prekop,sk SVK,FW,cz Slavia Prague,28-194,1997,1,0,1,1,100,1.02,1.02,0,0,0,0,Matches
648,Gianluca Prestianni,ar ARG,MF,pt Benfica,20-079,2006,3.2,0,10,2,20,3.17,0.63,0,0,0,0,Matches
649,Lukáš Provod,cz CZE,"MF,FW",cz Slavia Prague,29-179,1996,7.8,0,20,5,25,2.57,0.64,0,0,0,0,Matches
650,Marc Pubill,es ESP,DF,es Atlético Madrid,22-304,2003,7.2,0,4,2,50,0.56,0.28,0,0,0,0,Matches
Rk,Player,Nation,Pos,Squad,Age,Born,90s,Gls,Sh,SoT,SoT%,Sh/90,SoT/90,G/Sh,G/SoT,PK,PKatt,Matches
651,Jarell Quansah,eng ENG,DF,de Leverkusen,23-081,2003,11,0,5,1,20,0.45,0.09,0,0,0,0,Matches
652,Eduardo Quaresma,pt POR,DF,pt Sporting CP,24-049,2002,4.9,0,0,0,,0,0,,,0,0,Matches
653,Geovany Quenda,pt POR,MF,pt Sporting CP,18-355,2007,4.5,2,9,5,55.6,2,1.11,0.22,0.4,0,0,Matches
654,Domingos Quina,pt POR,MF,cy Pafos FC,26-153,1999,4.1,0,6,1,16.7,1.46,0.24,0,0,0,0,Matches
655,Musa Qurbanlı,az AZE,FW,az Qarabağ,24-007,2002,0.3,0,3,1,33.3,10.8,3.6,0,0,0,0,Matches
656,Gonçalo Ramos,pt POR,FW,fr Paris Saint-Germain,24-304,2001,2,2,8,5,62.5,3.96,2.47,0.25,0.4,0,0,Matches
657,Aaron Ramsdale,eng ENG,GK,eng Newcastle United,27-341,1998,4,0,0,0,,0,0,,,0,0,Matches
658,Jacob Ramsey,eng ENG,MF,eng Newcastle United,24-327,2001,4.5,0,5,1,20,1.12,0.22,0,0,0,0,Matches
659,Raphinha,br BRA,MF,es Barcelona,29-127,1996,6,3,20,10,50,3.31,1.65,0.1,0.2,1,1,Matches
660,Marcus Rashford,eng ENG,"MF,FW",es Barcelona,28-171,1997,6.4,5,30,11,36.7,4.66,1.71,0.17,0.45,0,0,Matches
661,Mathias Rasmussen,no NOR,MF,be Union SG,28-146,1997,2.2,0,4,1,25,1.8,0.45,0,0,0,0,Matches
662,Giacomo Raspadori,it ITA,"MF,FW",es Atlético Madrid,26-061,2000,1.2,1,3,2,66.7,2.55,1.7,0.33,0.5,0,0,Matches
663,Giacomo Raspadori,it ITA,"FW,MF",it Atalanta,26-061,2000,0.2,0,0,0,,0,0,,,0,0,Matches
664,David Raya,es ESP,GK,eng Arsenal,30-217,1995,11,0,0,0,,0,0,,,0,0,Matches
665,Youri Regeer,nl NED,"MF,DF",nl Ajax,22-245,2003,4.8,0,0,0,,0,0,,,0,0,Matches
666,Luca Reggiani,it ITA,DF,de Dortmund,18-101,2008,1,0,0,0,,0,0,,,0,0,Matches
667,Alejandro Rego,es ESP,MF,es Athletic Club,22-313,2003,5.5,0,4,0,0,0.72,0,0,,0,0,Matches
668,João Rêgo,pt POR,MF,pt Benfica,20-304,2005,0.2,0,0,0,,0,0,,,0,0,Matches
669,Rodrigo Rego,pt POR,FW,pt Benfica,21-107,2005,0,0,0,0,,0,0,,,0,0,Matches
670,Tijjani Reijnders,nl NED,MF,eng Manchester City,27-265,1998,6.4,0,20,6,30,3.1,0.93,0,0,0,0,Matches
671,Matheus Reis,br BRA,DF,pt Sporting CP,31-061,1995,3.1,0,2,0,0,0.65,0,0,,0,0,Matches
672,Panagiotis Retsos,gr GRE,DF,gr Olympiacos,27-254,1998,8.9,0,4,2,50,0.45,0.22,0,0,0,0,Matches
673,Rodrigo Ribeiro,pt POR,FW,pt Sporting CP,20-357,2005,0.1,0,0,0,,0,0,,,0,0,Matches
674,Ricardinho,br BRA,"MF,FW",kz FC Kairat,24-362,2001,1.6,1,3,1,33.3,1.84,0.61,0.33,1,0,0,Matches
675,Declan Rice,eng ENG,MF,eng Arsenal,27-096,1999,8.6,1,5,3,60,0.58,0.35,0.2,0.33,0,0,Matches
Rk,Player,Nation,Pos,Squad,Age,Born,90s,Gls,Sh,SoT,SoT%,Sh/90,SoT/90,G/Sh,G/SoT,PK,PKatt,Matches
676,Richarlison,br BRA,FW,eng Tottenham Hotspur,28-345,1997,5.3,1,12,5,41.7,2.26,0.94,0.08,0.2,0,1,Matches
677,Magnus Riisnæs,no NOR,MF,no Bodø/Glimt,21-167,2004,0.3,0,1,0,0,3.46,0,0,,0,0,Matches
678,Richard Ríos,co COL,MF,pt Benfica,25-322,2000,6.9,1,12,5,41.7,1.74,0.72,0.08,0.2,0,0,Matches
679,Robert,br BRA,MF,dk FC Copenhagen,21-007,2005,2.5,2,11,5,45.5,4.48,2.04,0.18,0.4,0,0,Matches
680,Andrew Robertson,sct SCO,DF,eng Liverpool,32-040,1994,5.4,1,3,1,33.3,0.56,0.19,0.33,1,0,0,Matches
681,Rodinei,br BRA,"DF,MF",gr Olympiacos,34-081,1992,7.4,0,1,0,0,0.13,0,0,,0,0,Matches
682,Rodri,es ESP,MF,eng Manchester City,29-302,1996,3.8,0,8,2,25,2.1,0.52,0,0,0,0,Matches
683,Pedro Rodrigues,pt POR,MF,cy Pafos FC,28-335,1997,7.7,0,3,0,0,0.39,0,0,,0,0,Matches
684,Kevin Rodríguez,ec ECU,FW,be Union SG,26-047,2000,4.2,0,10,5,50,2.39,1.2,0,0,0,0,Matches
685,Rodrygo,br BRA,MF,es Real Madrid,25-101,2001,2.6,1,8,5,62.5,3.13,1.96,0.13,0.2,0,0,Matches
686,Cristian Romero,ar ARG,DF,eng Tottenham Hotspur,27-358,1998,7.7,1,7,2,28.6,0.91,0.26,0.14,0.5,0,0,Matches
687,Zaid Romero,ar ARG,DF,be Club Brugge,26-126,1999,0.1,0,0,0,,0,0,,,0,0,Matches
688,Marten de Roon,nl NED,MF,it Atalanta,35-022,1991,10,0,5,1,20,0.5,0.1,0,0,0,0,Matches
689,Amir Rrahmani,xk KVX,DF,it Napoli,32-055,1994,3,0,2,0,0,0.67,0,0,,0,0,Matches
690,Antonio Rüdiger,de GER,DF,es Real Madrid,33-048,1993,7,0,2,0,0,0.29,0,0,,0,0,Matches
691,Daniele Rugani,it ITA,DF,it Juventus,31-265,1994,1.1,0,1,0,0,0.88,0,0,,0,0,Matches
692,Matteo Ruggeri,it ITA,DF,es Atlético Madrid,23-283,2002,11.4,0,3,0,0,0.26,0,0,,0,0,Matches
693,Fabián Ruiz Peña,es ESP,MF,fr Paris Saint-Germain,30-017,1996,5,1,14,6,42.9,2.81,1.2,0.07,0.17,0,0,Matches
694,Gerónimo Rulli,ar ARG,GK,fr Marseille,33-335,1992,8,0,0,0,,0,0,,,0,0,Matches
695,Julian Ryerson,no NOR,"MF,DF",de Dortmund,28-154,1997,6.7,0,3,0,0,0.44,0,0,,0,0,Matches
696,Kyriani Sabbe,be BEL,DF,be Club Brugge,21-084,2005,7.4,0,5,2,40,0.67,0.27,0,0,0,0,Matches
697,Marcel Sabitzer,at AUT,MF,de Dortmund,32-034,1994,3.8,0,3,2,66.7,0.78,0.52,0,0,0,0,Matches
698,Michal Sadílek,cz CZE,MF,cz Slavia Prague,26-324,1999,6.7,0,8,2,25,1.2,0.3,0,0,0,0,Matches
699,Adilet Sadybekov,kz KAZ,MF,kz FC Kairat,23-329,2002,1.7,1,1,1,100,0.6,0.6,1,1,0,0,Matches
700,Matvei Safonov,ru RUS,GK,fr Paris Saint-Germain,27-054,1999,8,0,0,0,,0,0,,,0,0,Matches
Rk,Player,Nation,Pos,Squad,Age,Born,90s,Gls,Sh,SoT,SoT%,Sh/90,SoT/90,G/Sh,G/SoT,PK,PKatt,Matches
701,Ismael Saibari,ma MAR,"FW,MF",nl PSV,25-082,2001,6.7,3,15,6,40,2.24,0.9,0.2,0.5,0,0,Matches
702,Bukayo Saka,eng ENG,"MF,FW",eng Arsenal,24-227,2001,5.8,2,25,14,56,4.29,2.4,0.04,0.07,1,1,Matches
703,Mohamed Salah,eg EGY,"MF,FW",eng Liverpool,33-309,1992,7.6,3,26,12,46.2,3.4,1.57,0.12,0.25,0,1,Matches
704,Anass Salah-Eddine,ma MAR,DF,nl PSV,24-092,2002,5.6,0,1,0,0,0.18,0,0,,0,0,Matches
705,William Saliba,fr FRA,DF,eng Arsenal,25-027,2001,9,0,2,0,0,0.22,0,0,,0,0,Matches
706,Mohammed Salisu,gh GHA,DF,fr Monaco,27-003,1999,4.9,0,2,0,0,0.41,0,0,,0,0,Matches
707,Roland Sallai,hu HUN,"DF,MF",tr Galatasaray,28-333,1997,10,0,6,2,33.3,0.6,0.2,0,0,0,0,Matches
708,Marli Salmon,eng ENG,DF,eng Arsenal,16-234,2009,0.1,0,0,0,,0,0,,,0,0,Matches
709,Ulrik Saltnes,no NOR,MF,no Bodø/Glimt,33-161,1992,1.4,0,2,0,0,1.46,0,0,,0,0,Matches
710,Lazar Samardzic,rs SRB,MF,it Atalanta,24-055,2002,3.3,4,13,6,46.2,3.93,1.81,0.15,0.33,2,2,Matches
711,Oihan Sancet,es ESP,MF,es Athletic Club,25-360,2000,4.1,1,11,2,18.2,2.68,0.49,0.09,0.5,0,0,Matches
712,Davinson Sánchez,co COL,DF,tr Galatasaray,29-312,1996,11.3,1,8,4,50,0.71,0.35,0.13,0.25,0,0,Matches
713,Ibon Sánchez,es ESP,MF,es Athletic Club,22-043,2004,0.1,0,1,1,100,8.18,8.18,0,0,0,0,Matches
714,Robert Sánchez,es ESP,GK,eng Chelsea,28-153,1997,7.5,0,0,0,,0,0,,,0,0,Matches
715,Selton Sánchez,es ESP,MF,es Athletic Club,19-059,2007,0.9,0,0,0,,0,0,,,0,0,Matches
716,Cisse Sandra,be BEL,MF,be Club Brugge,22-125,2003,1.5,0,0,0,,0,0,,,0,0,Matches
717,Leroy Sané,de GER,"MF,FW",tr Galatasaray,30-099,1996,8,0,10,4,40,1.24,0.5,0,0,0,0,Matches
718,Maroan Sannadi,ma MAR,FW,es Athletic Club,25-078,2001,0.9,0,1,1,100,1.14,1.14,0,0,0,0,Matches
719,Alisson Santos,br BRA,MF,pt Sporting CP,23-205,2002,1.8,3,4,3,75,2.22,1.67,0.75,1,0,0,Matches
720,Andrey Santos,br BRA,MF,eng Chelsea,21-352,2004,3.4,0,2,1,50,0.59,0.29,0,0,0,0,Matches
721,Kauã Santos,br BRA,GK,de Eintracht Frankfurt,23-009,2003,3,0,0,0,,0,0,,,0,0,Matches
722,Nuno Santos,pt POR,MF,pt Sporting CP,31-066,1995,0.9,0,1,0,0,1.11,0,0,,0,0,Matches
723,Youssoupha Sanyang,gm GAM,"MF,FW",cz Slavia Prague,20-232,2005,3.6,0,8,1,12.5,2.22,0.28,0,0,0,0,Matches
724,Gabriel Sara,br BRA,MF,tr Galatasaray,26-298,1999,8.2,1,18,4,22.2,2.2,0.49,0.06,0.25,0,0,Matches
725,Mamadou Sarr,sn SEN,DF,eng Chelsea,20-234,2005,0.5,0,0,0,,0,0,,,0,0,Matches
Rk,Player,Nation,Pos,Squad,Age,Born,90s,Gls,Sh,SoT,SoT%,Sh/90,SoT/90,G/Sh,G/SoT,PK,PKatt,Matches
726,Dastan Satpayev,kz KAZ,"MF,FW",kz FC Kairat,17-251,2008,4.9,1,12,4,33.3,2.46,0.82,0.08,0.25,0,0,Matches
727,Sávio,br BRA,"MF,FW",eng Manchester City,22-010,2004,4.1,0,6,2,33.3,1.46,0.49,0,0,0,0,Matches
728,Giorgio Scalvini,it ITA,DF,it Atalanta,22-130,2003,1.9,0,2,0,0,1.07,0,0,,0,0,Matches
729,Gianluca Scamacca,it ITA,FW,it Atalanta,27-109,1999,5.6,3,19,6,31.6,3.42,1.08,0.16,0.5,0,0,Matches
730,Dane Scarlett,eng ENG,FW,eng Tottenham Hotspur,22-027,2004,0.2,0,0,0,,0,0,,,0,0,Matches
731,Fabian Schär,ch SUI,DF,eng Newcastle United,34-121,1991,1.4,0,1,0,0,0.69,0,0,,0,0,Matches
732,Kjell Scherpen,nl NED,GK,be Union SG,26-087,2000,8,0,0,0,,0,0,,,0,0,Matches
733,Patrik Schick,cz CZE,FW,de Leverkusen,30-086,1996,6,4,15,9,60,2.51,1.51,0.27,0.44,0,0,Matches
734,Andreas Schjelderup,no NOR,MF,pt Benfica,21-323,2004,4.7,2,9,3,33.3,1.93,0.64,0.22,0.67,0,0,Matches
735,Nico Schlotterbeck,de GER,DF,de Dortmund,26-140,1999,6.2,0,3,1,33.3,0.48,0.16,0,0,0,0,Matches
736,Rob Schoofs,be BEL,MF,be Union SG,32-028,1994,2.2,0,3,0,0,1.39,0,0,,0,0,Matches
737,Jerdy Schouten,nl NED,"DF,MF",nl PSV,29-098,1997,7.5,0,1,0,0,0.13,0,0,,0,0,Matches
738,Ivan Schranz,sk SVK,"FW,MF",cz Slavia Prague,32-219,1993,0.8,0,3,1,33.3,3.75,1.25,0,0,0,0,Matches
739,Lorenzo Scipioni,ar ARG,MF,gr Olympiacos,21-147,2004,0.8,0,2,0,0,2.47,0,0,,0,0,Matches
740,Ken Sema,se SWE,"MF,DF",cy Pafos FC,32-202,1993,2.2,0,0,0,,0,0,,,0,0,Matches
741,Antoine Semenyo,gh GHA,FW,eng Manchester City,26-103,2000,1.1,0,3,2,66.7,2.65,1.76,0,0,0,0,Matches
742,Nicolás Serrano,es ESP,MF,es Athletic Club,23-046,2003,1,1,5,5,100,4.89,4.89,0.2,0.2,0,0,Matches
743,Joaquin Seys,be BEL,DF,be Club Brugge,21-023,2005,7.7,0,2,1,50,0.26,0.13,0,0,0,0,Matches
744,Leo Shahar,eng ENG,DF,eng Newcastle United,19-033,2007,0,0,0,0,,0,0,,,0,0,Matches
745,Aleksandr Shirobokov,kz KAZ,DF,kz FC Kairat,23-108,2003,4,0,0,0,,0,0,,,0,0,Matches
746,Kiliann Sildillia,fr FRA,DF,nl PSV,23-339,2002,1,0,1,0,0,1,0,0,,0,0,Matches
747,António Silva,pt POR,DF,pt Benfica,22-172,2003,4,0,0,0,,0,0,,,0,0,Matches
748,Bernardo Silva,pt POR,MF,eng Manchester City,31-253,1994,6.1,1,4,2,50,0.65,0.33,0.25,0.5,0,0,Matches
749,Bruno Felipe Souza da Silva,br BRA,"DF,MF",cy Pafos FC,31-329,1994,6.3,1,4,2,50,0.64,0.32,0.25,0.5,0,0,Matches
750,Caio Henrique Oliveira Silva,br BRA,"DF,MF",fr Monaco,28-263,1997,8.5,0,1,1,100,0.12,0.12,0,0,0,0,Matches
Rk,Player,Nation,Pos,Squad,Age,Born,90s,Gls,Sh,SoT,SoT%,Sh/90,SoT/90,G/Sh,G/SoT,PK,PKatt,Matches
751,Fábio Silva,pt POR,"MF,FW",de Dortmund,23-275,2002,3.1,1,11,4,36.4,3.56,1.29,0.09,0.25,0,1,Matches
752,Matheus Silva,br BRA,DF,az Qarabağ,28-199,1997,9.7,1,7,3,42.9,0.72,0.31,0.14,0.33,0,0,Matches
753,Rafa Silva,pt POR,MF,pt Benfica,32-338,1993,1.8,1,5,2,40,2.76,1.1,0.2,0.5,0,0,Matches
754,Rui Silva,pt POR,GK,pt Sporting CP,32-072,1994,11.3,0,0,0,,0,0,,,0,0,Matches
755,Giuliano Simeone,ar ARG,MF,es Atlético Madrid,23-123,2002,12,2,22,5,22.7,1.83,0.42,0.09,0.4,0,0,Matches
756,João Simões,pt POR,MF,pt Sporting CP,19-104,2007,7.2,0,4,2,50,0.56,0.28,0,0,0,0,Matches
757,Unai Simón,es ESP,GK,es Athletic Club,28-313,1997,8,0,0,0,,0,0,,,0,0,Matches
758,Xavi Simons,nl NED,"MF,FW",eng Tottenham Hotspur,22-364,2003,6.4,3,18,5,27.8,2.83,0.79,0.06,0.2,2,2,Matches
759,Wilfried Singo,ci CIV,DF,tr Galatasaray,25-116,2000,5.4,0,4,0,0,0.75,0,0,,0,0,Matches
760,Hugo Siquet,be BEL,DF,be Club Brugge,23-285,2002,2.4,0,1,0,0,0.42,0,0,,0,0,Matches
761,Fredrik Sjøvold,no NOR,DF,no Bodø/Glimt,22-246,2003,12.3,1,4,1,25,0.32,0.08,0.25,1,0,0,Matches
762,Ellyes Skhiri,tn TUN,MF,de Eintracht Frankfurt,30-345,1995,4.1,0,2,1,50,0.49,0.24,0,0,0,0,Matches
763,Guilherme Smith,br BRA,MF,be Union SG,22-313,2003,1.7,0,2,1,50,1.2,0.6,0,0,0,0,Matches
764,Dominic Solanke,eng ENG,FW,eng Tottenham Hotspur,28-218,1997,1.5,3,6,4,66.7,4.09,2.73,0.5,0.75,0,0,Matches
765,Manor Solomon,il ISR,"FW,MF",es Villarreal,26-270,1999,0.7,0,2,1,50,2.86,1.43,0,0,0,0,Matches
766,Yann Sommer,ch SUI,GK,it Inter,37-124,1988,10,0,0,0,,0,0,,,0,0,Matches
767,Yegor Sorokin,ru RUS,DF,kz FC Kairat,30-167,1995,8,0,3,1,33.3,0.37,0.12,0,0,0,0,Matches
768,Djed Spence,eng ENG,"DF,MF",eng Tottenham Hotspur,25-254,2000,7.8,0,3,1,33.3,0.38,0.13,0,0,0,0,Matches
769,Jorne Spileers,be BEL,DF,be Club Brugge,21-089,2005,0.9,0,0,0,,0,0,,,0,0,Matches
770,Leonardo Spinazzola,it ITA,"DF,MF",it Napoli,33-026,1993,4.7,0,2,0,0,0.42,0,0,,0,0,Matches
771,Marco Sportiello,it ITA,GK,it Atalanta,33-345,1992,2,0,0,0,,0,0,,,0,0,Matches
772,Alexander Staff,de GER,DF,de Eintracht Frankfurt,17-312,2008,0.1,0,0,0,,0,0,,,0,0,Matches
773,Jindřich Staněk,cz CZE,GK,cz Slavia Prague,29-358,1996,6,0,0,0,,0,0,,,0,0,Matches
774,Josip Stanišić,hr CRO,DF,de Bayern Munich,26-018,2000,6.8,1,5,3,60,0.74,0.44,0.2,0.33,0,0,Matches
775,Aleksandar Stanković,rs SRB,MF,be Club Brugge,20-260,2005,9.7,2,19,7,36.8,1.96,0.72,0.11,0.29,0,0,Matches
Rk,Player,Nation,Pos,Squad,Age,Born,90s,Gls,Sh,SoT,SoT%,Sh/90,SoT/90,G/Sh,G/SoT,PK,PKatt,Matches
776,Jug Stanojev,rs SRB,MF,kz FC Kairat,26-265,1999,1,0,1,1,100,1.01,1.01,0,0,0,0,Matches
777,Sean Steur,nl NED,MF,nl Ajax,18-099,2008,1.8,0,3,1,33.3,1.66,0.55,0,0,0,0,Matches
778,John Stones,eng ENG,DF,eng Manchester City,31-327,1994,3.8,0,0,0,,0,0,,,0,0,Matches
779,Gabriel Strefezza,br BRA,MF,gr Olympiacos,29-002,1997,1.1,0,5,1,20,4.59,0.92,0,0,0,0,Matches
780,Petar Sucic,hr CRO,MF,it Inter,22-177,2003,5.4,1,4,3,75,0.74,0.56,0.25,0.33,0,0,Matches
781,Heorhiy Sudakov,ua UKR,"MF,FW",pt Benfica,23-231,2002,7.2,0,12,3,25,1.67,0.42,0,0,0,0,Matches
782,Niklas Süle,de GER,DF,de Dortmund,30-229,1995,0.8,0,2,1,50,2.61,1.3,0,0,0,0,Matches
783,Kamaldeen Sulemana,gh GHA,MF,it Atalanta,24-064,2002,3.3,0,8,1,12.5,2.46,0.31,0,0,0,0,Matches
784,Ivan Šunjić,ba BIH,MF,cy Pafos FC,29-193,1996,7,0,2,0,0,0.29,0,0,,0,0,Matches
785,Josip Šutalo,hr CRO,DF,nl Ajax,26-051,2000,4.5,0,1,0,0,0.22,0,0,,0,0,Matches
786,Junnosuke Suzuki,jp JPN,DF,dk FC Copenhagen,22-282,2003,6.4,0,5,2,40,0.79,0.31,0,0,0,0,Matches
787,Daniel Svensson,se SWE,MF,de Dortmund,24-067,2002,7.9,2,3,2,66.7,0.38,0.25,0.67,1,0,0,Matches
788,Ross Sykes,eng ENG,DF,be Union SG,27-025,1999,4.3,1,3,1,33.3,0.7,0.23,0.33,1,0,0,Matches
789,Wojciech Szczęsny,pl POL,GK,es Barcelona,36-002,1990,3.1,0,0,0,,0,0,,,0,0,Matches
790,Dominik Szoboszlai,hu HUN,MF,eng Liverpool,25-177,2000,11.7,5,30,14,46.7,2.57,1.2,0.13,0.29,1,1,Matches
791,Alexander Sørloth,no NOR,FW,es Atlético Madrid,30-136,1995,6.6,6,29,15,51.7,4.42,2.29,0.21,0.4,0,0,Matches
792,Jonathan Tah,de GER,DF,de Bayern Munich,30-068,1996,10.7,1,2,1,50,0.19,0.09,0.5,1,0,0,Matches
793,Erkin Tapalov,kz KAZ,"DF,MF",kz FC Kairat,32-229,1993,5.7,0,1,0,0,0.18,0,0,,0,0,Matches
794,Axel Tapé,fr FRA,MF,de Leverkusen,18-253,2007,0.5,0,0,0,,0,0,,,0,0,Matches
795,Edmond Tapsoba,bf BFA,DF,de Leverkusen,27-077,1999,9,0,4,1,25,0.44,0.11,0,0,0,0,Matches
796,Mehdi Taremi,ir IRN,"MF,FW",gr Olympiacos,33-276,1992,5.4,2,11,3,27.3,2.03,0.55,0.18,0.67,0,0,Matches
797,Kenneth Taylor,nl NED,MF,nl Ajax,23-339,2002,2.9,0,4,1,25,1.4,0.35,0,0,0,0,Matches
798,Aurélien Tchouaméni,fr FRA,MF,es Real Madrid,26-083,2000,12.5,1,16,5,31.3,1.28,0.4,0.06,0.2,0,0,Matches
799,Mathys Tel,fr FRA,"MF,FW",eng Tottenham Hotspur,20-358,2005,1.8,0,8,8,100,4.56,4.56,0,0,0,0,Matches
800,Nathan Tella,ng NGA,"FW,MF",de Leverkusen,26-289,1999,0.3,0,2,2,100,6.43,6.43,0,0,0,0,Matches
Rk,Player,Nation,Pos,Squad,Age,Born,90s,Gls,Sh,SoT,SoT%,Sh/90,SoT/90,G/Sh,G/SoT,PK,PKatt,Matches
801,Arnau Tenas,es ESP,GK,es Villarreal,24-325,2001,3,0,0,0,,0,0,,,0,0,Matches
802,Martin Terrier,fr FRA,MF,de Leverkusen,29-047,1997,1.7,0,1,1,100,0.58,0.58,0,0,0,0,Matches
803,Jordan Teze,nl NED,"MF,DF",fr Monaco,26-202,1999,7.5,3,10,6,60,1.33,0.8,0.3,0.5,0,0,Matches
804,Arthur Theate,be BEL,DF,de Eintracht Frankfurt,25-330,2000,8,0,3,1,33.3,0.37,0.12,0,0,0,0,Matches
805,Malick Thiaw,de GER,DF,eng Newcastle United,24-255,2001,10.3,1,7,3,42.9,0.68,0.29,0.14,0.33,0,0,Matches
806,Khéphren Thuram,fr FRA,MF,it Juventus,25-025,2001,6.6,1,9,3,33.3,1.37,0.46,0.11,0.33,0,0,Matches
807,Marcus Thuram,fr FRA,FW,it Inter,28-257,1997,6.4,2,30,6,20,4.68,0.94,0.07,0.33,0,0,Matches
808,Guus Til,nl NED,"FW,MF",nl PSV,28-119,1997,6.4,2,7,3,42.9,1.09,0.47,0.29,0.67,0,0,Matches
809,Malik Tillman,us USA,MF,de Leverkusen,23-327,2002,5.9,2,8,3,37.5,1.35,0.5,0.25,0.67,0,0,Matches
810,Jurriën Timber,nl NED,DF,eng Arsenal,24-307,2001,5.7,1,4,2,50,0.71,0.35,0.25,0.5,0,0,Matches
811,Sandro Tonali,it ITA,MF,eng Newcastle United,25-347,2000,10.6,1,13,6,46.2,1.23,0.57,0.08,0.17,0,0,Matches
812,Lucas Torreira,uy URU,MF,tr Galatasaray,30-068,1996,10.9,0,9,1,11.1,0.82,0.09,0,0,0,0,Matches
813,Ferrán Torres,es ESP,"FW,MF",es Barcelona,26-050,2000,4,3,16,7,43.8,3.98,1.74,0.19,0.43,0,0,Matches
814,James Trafford,eng ENG,GK,eng Manchester City,23-192,2002,1,0,0,0,,0,0,,,0,0,Matches
815,Nicolo Tresoldi,de GER,FW,be Club Brugge,21-243,2004,6.1,3,18,8,44.4,2.96,1.32,0.17,0.38,0,0,Matches
816,Francisco Trincão,pt POR,MF,pt Sporting CP,26-112,1999,10.6,4,27,7,25.9,2.55,0.66,0.15,0.57,0,0,Matches
817,Kieran Trippier,eng ENG,DF,eng Newcastle United,35-213,1990,7.4,0,0,0,,0,0,,,0,0,Matches
818,Leandro Trossard,be BEL,"FW,MF",eng Arsenal,31-137,1994,4.9,1,19,6,31.6,3.89,1.23,0.05,0.17,0,0,Matches
819,Anatolii Trubin,ua UKR,GK,pt Benfica,24-262,2001,10,1,1,1,100,0.1,0.1,1,1,0,0,Matches
820,Azamat Tuyakbaev,kz KAZ,FW,kz FC Kairat,18-281,2007,0.8,0,2,0,0,2.43,0,0,,0,0,Matches
821,Kostas Tzolakis,gr GRE,GK,gr Olympiacos,23-163,2002,9,0,0,0,,0,0,,,0,0,Matches
822,Christos Tzolis,gr GRE,"MF,FW",be Club Brugge,24-080,2002,8,2,27,12,44.4,3.37,1.5,0.07,0.17,0,0,Matches
823,Destiny Udogie,it ITA,"DF,MF",eng Tottenham Hotspur,23-143,2002,3.5,0,1,1,100,0.29,0.29,0,0,0,0,Matches
824,Arda Ünyay,tr TUR,DF,tr Galatasaray,19-092,2007,0.4,0,1,0,0,2.5,0,0,,0,0,Matches
825,Dayot Upamecano,fr FRA,DF,de Bayern Munich,27-175,1998,9.3,0,8,3,37.5,0.86,0.32,0,0,0,0,Matches
Rk,Player,Nation,Pos,Squad,Age,Born,90s,Gls,Sh,SoT,SoT%,Sh/90,SoT/90,G/Sh,G/SoT,PK,PKatt,Matches
826,Jonas Urbig,de GER,GK,de Bayern Munich,22-255,2003,3,0,0,0,,0,0,,,0,0,Matches
827,Can Uzun,tr TUR,"MF,FW",de Eintracht Frankfurt,20-160,2005,2.6,2,6,4,66.7,2.27,1.51,0.33,0.5,0,0,Matches
828,Georgios Vagiannidis,gr GRE,DF,pt Sporting CP,24-220,2001,1.9,0,0,0,,0,0,,,0,0,Matches
829,Federico Valverde,uy URU,"MF,DF",es Real Madrid,27-272,1998,12.9,3,13,5,38.5,1.01,0.39,0.23,0.6,0,0,Matches
830,Virgil van Dijk,nl NED,DF,eng Liverpool,34-286,1991,12,2,17,4,23.5,1.42,0.33,0.12,0.5,0,0,Matches
831,Hans Vanaken,be BEL,MF,be Club Brugge,33-239,1992,10,2,4,2,50,0.4,0.2,0.5,1,0,0,Matches
832,Vanderson,br BRA,"DF,MF",fr Monaco,24-303,2001,6.5,0,5,3,60,0.77,0.46,0,0,0,0,Matches
833,Robinio Vaz,fr FRA,FW,fr Marseille,19-062,2007,0.4,0,1,1,100,2.73,2.73,0,0,0,0,Matches
834,Lucas Vázquez,es ESP,MF,de Leverkusen,34-293,1991,4,0,2,1,50,0.5,0.25,0,0,0,0,Matches
835,Joey Veerman,nl NED,MF,nl PSV,27-152,1998,8,0,7,2,28.6,0.87,0.25,0,0,0,0,Matches
836,Renato Veiga,pt POR,DF,es Villarreal,22-265,2003,8,1,6,2,33.3,0.75,0.25,0.17,0.5,0,0,Matches
837,Micky van de Ven,nl NED,DF,eng Tottenham Hotspur,25-001,2001,8,2,6,3,50,0.75,0.37,0.33,0.67,0,0,Matches
838,Antonio Vergara,it ITA,MF,it Napoli,23-094,2003,1.8,1,6,3,50,3.31,1.66,0.17,0.33,0,0,Matches
839,Romeo Vermant,be BEL,FW,be Club Brugge,22-086,2004,3.7,2,10,3,30,2.74,0.82,0.2,0.67,0,0,Matches
840,Arthur Vermeeren,be BEL,MF,fr Marseille,21-072,2005,3.7,0,1,0,0,0.27,0,0,,0,0,Matches
841,Mikel Vesga,es ESP,MF,es Athletic Club,32-334,1993,2.8,0,0,0,,0,0,,,0,0,Matches
842,Hugo Vetlesen,no NOR,"MF,FW",be Club Brugge,26-050,2000,2.1,0,5,3,60,2.41,1.44,0,0,0,0,Matches
843,Guglielmo Vicario,it ITA,GK,eng Tottenham Hotspur,29-195,1996,9.8,0,0,0,,0,0,,,0,0,Matches
844,João Virgínia,pt POR,GK,pt Sporting CP,26-192,1999,1,0,0,0,,0,0,,,0,0,Matches
845,Vitinha,pt POR,MF,fr Paris Saint-Germain,26-066,2000,14,6,38,14,36.8,2.72,1,0.13,0.36,1,2,Matches
846,Daniel Vivian,es ESP,DF,es Athletic Club,26-279,1999,5.5,0,2,0,0,0.36,0,0,,0,0,Matches
847,Dušan Vlahović,rs SRB,FW,it Juventus,26-082,2000,2.2,3,10,9,90,4.64,4.18,0.3,0.33,0,0,Matches
848,Tomáš Vlček,cz CZE,DF,cz Slavia Prague,25-051,2001,3.6,0,0,0,,0,0,,,0,0,Matches
849,Stefan de Vrij,nl NED,DF,it Inter,34-074,1992,2.5,0,0,0,,0,0,,,0,0,Matches
850,Kasper Waarst Høgh,dk DEN,FW,no Bodø/Glimt,25-135,2000,10.1,5,26,12,46.2,2.57,1.19,0.19,0.42,0,2,Matches
Rk,Player,Nation,Pos,Squad,Age,Born,90s,Gls,Sh,SoT,SoT%,Sh/90,SoT/90,G/Sh,G/SoT,PK,PKatt,Matches
851,Elye Wahi,ci CIV,FW,de Eintracht Frankfurt,23-108,2003,0.6,0,1,1,100,1.64,1.64,0,0,0,0,Matches
852,Reggie Walsh,eng ENG,MF,eng Chelsea,17-182,2008,0.3,0,0,0,,0,0,,,0,0,Matches
853,Paul Wanner,at AUT,"MF,FW",nl PSV,20-118,2005,3.1,0,4,1,25,1.28,0.32,0,0,0,0,Matches
854,Timothy Weah,us USA,"MF,DF",fr Marseille,26-057,2000,5.6,1,11,4,36.4,1.97,0.72,0.09,0.25,0,0,Matches
855,Wout Weghorst,nl NED,FW,nl Ajax,33-256,1992,3.3,1,4,2,50,1.21,0.6,0,0,1,1,Matches
856,Ben White,eng ENG,DF,eng Arsenal,28-194,1997,5,0,2,0,0,0.4,0,0,,0,0,Matches
857,Owen Wijndal,nl NED,DF,nl Ajax,26-143,1999,4.6,0,1,1,100,0.22,0.22,0,0,0,0,Matches
858,Iñaki Williams,gh GHA,"MF,FW",es Athletic Club,31-309,1994,1.9,0,3,1,33.3,1.57,0.52,0,0,0,0,Matches
859,Nico Williams,es ESP,MF,es Athletic Club,23-282,2002,2.1,0,5,0,0,2.41,0,0,,0,0,Matches
860,Estêvão Willian,br BRA,"MF,FW",eng Chelsea,18-361,2007,4.7,3,16,7,43.8,3.38,1.48,0.13,0.29,1,1,Matches
861,Joe Willock,eng ENG,MF,eng Newcastle United,26-243,1999,3.5,1,10,3,30,2.88,0.87,0.1,0.33,0,0,Matches
862,Florian Wirtz,de GER,MF,eng Liverpool,22-352,2003,9.3,1,21,8,38.1,2.27,0.86,0.05,0.13,0,0,Matches
863,Yoane Wissa,cd COD,FW,eng Newcastle United,29-229,1996,1.1,1,2,1,50,1.76,0.88,0.5,1,0,0,Matches
864,Nick Woltemade,de GER,"FW,MF",eng Newcastle United,24-065,2002,7.2,1,12,2,16.7,1.66,0.28,0.08,0.5,0,0,Matches
865,Lamine Yamal,es ESP,MF,es Barcelona,18-281,2007,9.7,6,35,15,42.9,3.62,1.55,0.09,0.2,3,3,Matches
866,Roman Yaremchuk,ua UKR,"FW,MF",gr Olympiacos,30-144,1995,0.1,0,0,0,,0,0,,,0,0,Matches
867,Kenan Yıldız,tr TUR,"MF,FW",it Juventus,20-351,2005,8.4,1,25,10,40,2.96,1.18,0.04,0.1,0,0,Matches
868,Illia Zabarnyi,ua UKR,DF,fr Paris Saint-Germain,23-231,2002,2.2,0,1,0,0,0.45,0,0,,0,0,Matches
869,Christos Zafeiris,gr GRE,MF,cz Slavia Prague,23-056,2003,5,0,6,0,0,1.21,0,0,,0,0,Matches
870,Yoram Zague,fr FRA,DF,dk FC Copenhagen,19-340,2006,2,0,1,0,0,0.5,0,0,,0,0,Matches
871,Warren Zaïre-Emery,fr FRA,"MF,DF",fr Paris Saint-Germain,20-043,2006,12.9,0,14,2,14.3,1.09,0.16,0,0,0,0,Matches
872,Denis Zakaria,ch SUI,"MF,DF",fr Monaco,29-151,1996,5.6,0,6,3,50,1.07,0.53,0,0,0,1,Matches
873,Nicola Zalewski,pl POL,MF,it Atalanta,24-087,2002,3.9,0,7,2,28.6,1.79,0.51,0,0,0,0,Matches
874,Andre-Frank Zambo Anguissa,cm CMR,MF,it Napoli,30-155,1995,3.8,0,7,0,0,1.85,0,0,,0,0,Matches
875,Davide Zappacosta,it ITA,"MF,DF",it Atalanta,33-313,1992,8.2,1,12,2,16.7,1.46,0.24,0.08,0.5,0,0,Matches
Rk,Player,Nation,Pos,Squad,Age,Born,90s,Gls,Sh,SoT,SoT%,Sh/90,SoT/90,G/Sh,G/SoT,PK,PKatt,Matches
876,Giorgi Zaria,ge GEO,MF,kz FC Kairat,28-280,1997,1.4,0,3,1,33.3,2.2,0.73,0,0,0,0,Matches
877,Michael Zetterer,de GER,GK,de Eintracht Frankfurt,30-282,1995,5,0,0,0,,0,0,,,0,0,Matches
878,Edon Zhegrova,xk KVX,MF,it Juventus,27-020,1999,1.6,0,8,3,37.5,4.86,1.82,0,0,0,0,Matches
879,Piotr Zieliński,pl POL,MF,it Inter,31-335,1994,7,1,7,2,28.6,1,0.29,0.14,0.5,0,0,Matches
880,David Zima,cz CZE,DF,cz Slavia Prague,25-163,2000,7.7,0,2,1,50,0.26,0.13,0,0,0,0,Matches
881,Adem Zorgane,dz ALG,MF,be Union SG,26-104,2000,7.4,0,5,4,80,0.67,0.54,0,0,0,0,Matches
882,Abdellah Zoubir,fr FRA,MF,az Qarabağ,34-136,1991,9.5,1,9,3,33.3,0.95,0.32,0.11,0.33,0,0,Matches
883,Martín Zubimendi,es ESP,MF,eng Arsenal,27-077,1999,9.5,0,2,1,50,0.21,0.1,0,0,0,0,Matches
884,Martin Ødegaard,no NOR,MF,eng Arsenal,27-124,1998,3.2,0,10,5,50,3.17,1.58,0,0,0,0,Matches
